learning evaluation instances,evaluation time (cpu seconds),model cost (RAM-Hours),classified instances,classifications correct (percent),Kappa Statistic (percent),Kappa Temporal Statistic (percent),Kappa M Statistic (percent),model training instances,model serialized size (bytes),members size
394.0,0.021827018,1.2239711415229574E-9,394.0,100.0,?,?,?,394.0,227032.0,1.0
788.0,0.099314255,5.7750554373135995E-9,788.0,100.0,?,?,?,788.0,227032.0,1.0
1182.0,0.137430376,8.013742560711171E-9,1182.0,100.0,?,?,?,1182.0,227032.0,1.0
1576.0,0.175989639,1.0278456894202779E-8,1576.0,100.0,?,?,?,1576.0,227032.0,1.0
1970.0,0.205385541,1.2004976423513145E-8,1970.0,100.0,?,?,?,1970.0,227032.0,1.0
2364.0,0.232756684,1.3612575092506077E-8,2364.0,100.0,?,?,?,2364.0,227032.0,1.0
2758.0,0.259728977,1.5196747968534214E-8,2758.0,100.0,?,?,?,2758.0,227032.0,1.0
3152.0,0.284406499,1.664614127743782E-8,3152.0,100.0,?,?,?,3152.0,227032.0,1.0
3546.0,0.307971362,1.80301844061373E-8,3546.0,100.0,?,?,?,3546.0,227032.0,1.0
3940.0,0.3320615,1.9445078690408004E-8,3940.0,100.0,?,?,?,3940.0,227032.0,1.0
4334.0,0.355034969,2.0794387273778103E-8,4334.0,100.0,?,?,?,4334.0,227032.0,1.0
4728.0,0.377472397,2.2112212378430284E-8,4728.0,100.0,?,?,?,4728.0,227032.0,1.0
5122.0,0.400499226,2.3464654972863696E-8,5122.0,100.0,?,?,?,5122.0,227032.0,1.0
5516.0,0.417904856,2.4486945770912702E-8,5516.0,100.0,?,?,?,5516.0,227032.0,1.0
5910.0,0.430535191,2.5228767540465213E-8,5910.0,100.0,?,?,?,5910.0,227032.0,1.0
6304.0,0.441772242,2.5888757086060943E-8,6304.0,100.0,?,?,?,6304.0,227032.0,1.0
6698.0,0.453462932,2.6575390365628733E-8,6698.0,100.0,?,?,?,6698.0,227032.0,1.0
7092.0,0.465239379,2.7267060440300654E-8,7092.0,100.0,?,?,?,7092.0,227032.0,1.0
7486.0,0.477324373,2.7976852511066115E-8,7486.0,100.0,?,?,?,7486.0,227032.0,1.0
7880.0,0.488671104,2.8643283929477134E-8,7880.0,100.0,?,?,?,7880.0,227032.0,1.0
8274.0,0.500577759,2.9342601554983606E-8,8274.0,100.0,?,?,?,8274.0,227032.0,1.0
8668.0,0.512943043,3.006923986277025E-8,8668.0,99.9,99.78744930665964,0.0,99.73614775725594,8668.0,227152.0,1.0
9062.0,0.524746708,3.076287497550042E-8,9062.0,99.9,99.71549526584123,0.0,99.8,9062.0,227152.0,1.0
9456.0,0.53648847,3.145287239651506E-8,9456.0,100.0,?,?,100.0,9456.0,227152.0,1.0
9850.0,0.547831915,3.21194629640484E-8,9850.0,100.0,?,?,?,9850.0,227152.0,1.0
10244.0,0.559436694,3.2801410663332785E-8,10244.0,100.0,?,?,?,10244.0,227152.0,1.0
10638.0,0.570884544,3.3474136526466654E-8,10638.0,100.0,?,?,?,10638.0,227152.0,1.0
11032.0,0.584407988,3.427174416670989E-8,11032.0,92.10000000000001,2.2761009401287273,-7799.999999999989,-7799.999999999989,11032.0,227984.0,2.0
11426.0,0.599146284,3.514417557696294E-8,11426.0,85.5,6.391220142027125,-2316.6666666666647,-1971.4285714285697,11426.0,228816.0,3.0
11820.0,0.611384107,3.586859183093946E-8,11820.0,85.5,6.391220142027125,-2316.6666666666647,-1971.4285714285697,11820.0,228816.0,3.0
12214.0,0.623260328,3.6571603104122386E-8,12214.0,100.0,100.0,100.0,100.0,12214.0,228816.0,3.0
12608.0,0.634658378,3.724630911054502E-8,12608.0,100.0,?,?,?,12608.0,228816.0,3.0
13002.0,0.645985353,3.791680784209113E-8,13002.0,100.0,?,?,?,13002.0,228816.0,3.0
13396.0,0.658929351,3.8683026028335493E-8,13396.0,100.0,100.0,100.0,100.0,13396.0,228816.0,3.0
13790.0,0.673070409,3.9523147724206645E-8,13790.0,99.1,52.20900594732384,-125.0,-28.57142857142857,13790.0,229648.0,4.0
14184.0,0.68614528,4.0299927141829893E-8,14184.0,99.1,52.20900594732384,-125.0,-28.57142857142857,14184.0,229648.0,4.0
14578.0,0.699057414,4.10670383377104E-8,14578.0,99.8,85.6156501726121,66.66666666666666,75.0,14578.0,229648.0,4.0
14972.0,0.711622492,4.181353090128756E-8,14972.0,100.0,100.0,100.0,100.0,14972.0,229648.0,4.0
15366.0,0.724394767,4.257233305973516E-8,15366.0,100.0,100.0,100.0,100.0,15366.0,229648.0,4.0
15760.0,0.736788379,4.330863881079064E-8,15760.0,100.0,?,?,?,15760.0,229648.0,4.0
16154.0,0.749332952,4.405391317022962E-8,16154.0,98.8,39.49173053650682,-200.0,-100.0,16154.0,229648.0,4.0
16548.0,0.761986157,4.4805641367851426E-8,16548.0,98.8,44.92886645250104,-100.0,-71.42857142857143,16548.0,229648.0,4.0
16942.0,0.774327933,4.553886753686805E-8,16942.0,98.8,44.92886645250104,-100.0,-71.42857142857143,16942.0,229648.0,4.0
17336.0,0.786546556,4.626477717361308E-8,17336.0,100.0,100.0,100.0,100.0,17336.0,229648.0,4.0
17730.0,0.79912334,4.701196519184235E-8,17730.0,100.0,100.0,100.0,100.0,17730.0,229648.0,4.0
18124.0,0.811502747,4.774742702240123E-8,18124.0,100.0,?,?,?,18124.0,229648.0,4.0
18518.0,0.823729847,4.8473840278579524E-8,18518.0,100.0,?,?,?,18518.0,229648.0,4.0
18912.0,0.836004007,4.92030493741503E-8,18912.0,98.7,42.922374429223744,-62.5,-85.71428571428571,18912.0,229648.0,4.0
19306.0,0.848334235,4.9935589475310906E-8,19306.0,98.7,42.922374429223744,-62.5,-85.71428571428571,19306.0,229648.0,4.0
19700.0,0.860735499,5.067234983246565E-8,19700.0,100.0,100.0,100.0,100.0,19700.0,229648.0,4.0
20094.0,0.872937927,5.139729732261141E-8,20094.0,100.0,100.0,100.0,100.0,20094.0,229648.0,4.0
20488.0,0.886989823,5.223212189498252E-8,20488.0,100.0,100.0,100.0,100.0,20488.0,229648.0,4.0
20882.0,0.904815591,5.329115258719563E-8,20882.0,100.0,100.0,100.0,100.0,20882.0,229648.0,4.0
21276.0,0.922787956,5.4358892622107824E-8,21276.0,98.9,47.12555277831164,-175.0,-57.14285714285714,21276.0,229648.0,4.0
21670.0,0.94069974,5.54230335336406E-8,21670.0,98.7,47.42801682303451,-116.66666666666667,-62.5,21670.0,229648.0,4.0
22064.0,0.959944496,5.657011037880966E-8,22064.0,98.2,39.28764166216964,-200.0,-125.0,22064.0,230400.0,5.0
22458.0,0.978016407,5.764728021437714E-8,22458.0,99.5,28.4487693188333,-150.0,-400.0,22458.0,230400.0,5.0
22852.0,0.996094232,5.8724802551813816E-8,22852.0,100.0,?,?,?,22852.0,230400.0,5.0
23246.0,1.014496753,5.982167827899049E-8,23246.0,100.0,?,?,?,23246.0,230400.0,5.0
23640.0,1.03246004,6.089237361962387E-8,23640.0,100.0,?,?,?,23640.0,230400.0,5.0
24034.0,1.049014229,6.187942278095623E-8,24034.0,99.2,59.61227786752833,0.0,0.0,24034.0,230480.0,5.0
24428.0,1.065186461,6.284369762598018E-8,24428.0,99.2,59.61227786752833,0.0,0.0,24428.0,230480.0,5.0
24822.0,1.081317256,6.380550177575605E-8,24822.0,99.2,59.61227786752833,0.0,0.0,24822.0,230480.0,5.0
25216.0,1.097080215,6.474537357866142E-8,25216.0,100.0,?,?,?,25216.0,230480.0,5.0
25610.0,1.108300283,6.541437395732641E-8,25610.0,100.0,?,?,?,25610.0,230480.0,5.0
26004.0,1.119279725,6.606902692872823E-8,26004.0,100.0,?,?,?,26004.0,230480.0,5.0
26398.0,1.130205531,6.672048183534914E-8,26398.0,100.0,?,?,?,26398.0,230480.0,5.0
26792.0,1.141204434,6.737629517550888E-8,26792.0,99.2,55.17202734506335,-100.0,-14.285714285714285,26792.0,230480.0,5.0
27186.0,1.152361043,6.804151178966999E-8,27186.0,99.2,59.61227786752833,-33.33333333333333,0.0,27186.0,230480.0,5.0
27580.0,1.163653542,6.871483089139684E-8,27580.0,100.0,100.0,100.0,100.0,27580.0,230480.0,5.0
27974.0,1.174715248,6.93743888818369E-8,27974.0,100.0,100.0,100.0,100.0,27974.0,230480.0,5.0
28368.0,1.186199265,7.005912730958931E-8,28368.0,100.0,?,?,?,28368.0,230480.0,5.0
28762.0,1.197276534,7.071961324920875E-8,28762.0,100.0,?,?,?,28762.0,230480.0,5.0
29156.0,1.20857735,7.13934282548953E-8,29156.0,99.9,92.2576649117374,83.33333333333334,85.71428571428571,29156.0,230480.0,5.0
29550.0,1.221057363,7.214023946907162E-8,29550.0,98.5,47.6256983240225,-50.0,-66.66666666666666,29550.0,231312.0,6.0
29944.0,1.232297265,7.281284172195732E-8,29944.0,98.4,45.94594594594603,-33.33333333333333,-60.0,29944.0,231312.0,6.0
30338.0,1.243994931,7.351283683802723E-8,30338.0,99.8,49.899799599198296,50.0,0.0,30338.0,231312.0,6.0
30732.0,1.255456802,7.419872184457669E-8,30732.0,99.9,66.62216288384631,75.0,50.0,30732.0,231312.0,6.0
31126.0,1.266683416,7.487052893583765E-8,31126.0,100.0,?,?,?,31126.0,231312.0,6.0
31520.0,1.277898537,7.554164827931464E-8,31520.0,100.0,?,?,?,31520.0,231312.0,6.0
31914.0,1.289041512,7.620845036431939E-8,31914.0,99.2,55.17202734506335,-100.0,-14.285714285714285,31914.0,231312.0,6.0
32308.0,1.300346486,7.688494656341563E-8,32308.0,99.2,55.17202734506335,-100.0,-14.285714285714285,32308.0,231312.0,6.0
32702.0,1.311434417,7.754845478354434E-8,32702.0,99.2,55.17202734506335,-100.0,-14.285714285714285,32702.0,231312.0,6.0
33096.0,1.322588832,7.821594144478231E-8,33096.0,100.0,?,?,?,33096.0,231312.0,6.0
33490.0,1.33383701,7.888903893830667E-8,33490.0,100.0,?,?,?,33490.0,231312.0,6.0
33884.0,1.344973262,7.955543871509323E-8,33884.0,100.0,?,?,?,33884.0,231312.0,6.0
34278.0,1.356026538,8.021687315992802E-8,34278.0,100.0,100.0,100.0,100.0,34278.0,231312.0,6.0
34672.0,1.367487392,8.090269730860779E-8,34672.0,99.4,72.42393602353148,40.0,45.45454545454545,34672.0,231312.0,6.0
35066.0,1.37881005,8.15802517285177E-8,35066.0,99.4,72.42393602353148,40.0,45.45454545454545,35066.0,231312.0,6.0
35460.0,1.389852957,8.224106568638026E-8,35460.0,100.0,100.0,100.0,100.0,35460.0,231312.0,6.0
35854.0,1.401472353,8.293637708026707E-8,35854.0,100.0,100.0,100.0,100.0,35854.0,231312.0,6.0
36248.0,1.412740245,8.361065427098214E-8,36248.0,100.0,?,?,?,36248.0,231312.0,6.0
36642.0,1.423804493,8.42727452866588E-8,36642.0,99.7,0.0,-Infinity,-Infinity,36642.0,231312.0,6.0
37036.0,1.43513293,8.495064552527954E-8,37036.0,99.7,0.0,-Infinity,-Infinity,37036.0,231312.0,6.0
37430.0,1.446150281,8.560993019728403E-8,37430.0,99.2,55.17202734506335,-33.33333333333333,-14.285714285714285,37430.0,231312.0,6.0
37824.0,1.457307106,8.627756107431938E-8,37824.0,99.3,58.48161328588368,-16.666666666666664,0.0,37824.0,231312.0,6.0
38218.0,1.468462386,8.694509949765891E-8,38218.0,100.0,100.0,100.0,100.0,38218.0,231312.0,6.0
38612.0,1.47982889,8.762527768763195E-8,38612.0,100.0,100.0,100.0,100.0,38612.0,231312.0,6.0
39006.0,1.490926287,8.828935235868932E-8,39006.0,100.0,100.0,100.0,100.0,39006.0,231312.0,6.0
39400.0,1.501952075,8.89491419056658E-8,39400.0,100.0,100.0,100.0,100.0,39400.0,231312.0,6.0
39794.0,1.513147256,8.961906802798103E-8,39794.0,99.0,49.540821475426625,-66.66666666666666,-42.857142857142854,39794.0,231312.0,6.0
40188.0,1.524661554,9.030809029660911E-8,40188.0,99.0,54.07788390889052,-25.0,-25.0,40188.0,231312.0,6.0
40582.0,1.535978463,9.09853006930256E-8,40582.0,99.0,54.07788390889052,-25.0,-25.0,40582.0,231312.0,6.0
40976.0,1.547140611,9.165325010146737E-8,40976.0,100.0,?,?,?,40976.0,231312.0,6.0
41370.0,1.558177363,9.231369574056109E-8,41370.0,100.0,?,?,?,41370.0,231312.0,6.0
41764.0,1.569339715,9.298165735648115E-8,41764.0,100.0,?,?,?,41764.0,231312.0,6.0
42158.0,1.580451763,9.364660875187357E-8,42158.0,100.0,?,?,?,42158.0,231312.0,6.0
42552.0,1.591494401,9.430740661262015E-8,42552.0,99.3,62.82922684791854,-16.666666666666664,0.0,42552.0,231312.0,6.0
42946.0,1.60276674,9.498194991439373E-8,42946.0,99.2,59.61227786752833,0.0,0.0,42946.0,231312.0,6.0
43340.0,1.614093966,9.565977768607229E-8,43340.0,99.3,62.81342966425848,12.5,12.5,43340.0,231312.0,6.0
43734.0,1.626496412,9.640194724599312E-8,43734.0,100.0,?,?,?,43734.0,231312.0,6.0
44128.0,1.638898666,9.714410531652263E-8,44128.0,100.0,?,?,?,44128.0,231312.0,6.0
44522.0,1.651287287,9.788544758042734E-8,44522.0,100.0,?,?,?,44522.0,231312.0,6.0
44916.0,1.663901259,9.864027497883678E-8,44916.0,100.0,?,?,?,44916.0,231312.0,6.0
45310.0,1.676450111,9.939120555868785E-8,45310.0,98.8,44.92886645250104,-200.0,-71.42857142857143,45310.0,231312.0,6.0
45704.0,1.688697399,1.0012409037392379E-7,45704.0,98.8,49.46091644204845,-100.0,-50.0,45704.0,231312.0,6.0
46098.0,1.7010511,1.0086334300478093E-7,46098.0,100.0,100.0,100.0,100.0,46098.0,231312.0,6.0
46492.0,1.713611481,1.0161496348667683E-7,46492.0,100.0,?,?,?,46492.0,231312.0,6.0
46886.0,1.725996002,1.0235606040420425E-7,46886.0,100.0,?,?,?,46886.0,231312.0,6.0
47280.0,1.738265181,1.0309025518957319E-7,47280.0,100.0,?,?,?,47280.0,231312.0,6.0
47674.0,1.750569355,1.038265440960332E-7,47674.0,99.1,0.0,-Infinity,-Infinity,47674.0,231312.0,6.0
48068.0,1.76303578,1.0457254219641082E-7,48068.0,98.5,43.811807012286316,-50.0,-87.5,48068.0,231312.0,6.0
48462.0,1.77545455,1.0531568859395676E-7,48462.0,98.5,50.948332243296136,-7.142857142857142,-50.0,48462.0,231312.0,6.0
48856.0,1.788047527,1.0606925963939271E-7,48856.0,99.9,79.95188452285525,83.33333333333334,66.66666666666666,48856.0,231312.0,6.0
49250.0,1.800414799,1.0680932436675869E-7,49250.0,100.0,100.0,100.0,100.0,49250.0,231312.0,6.0
49644.0,1.812868585,1.0755456614204786E-7,49644.0,99.9,0.0,-Infinity,-Infinity,49644.0,231312.0,6.0
50038.0,1.825227645,1.0829413945857229E-7,50038.0,99.9,0.0,-Infinity,-Infinity,50038.0,231312.0,6.0
50432.0,1.837649899,1.0903749434069833E-7,50432.0,99.1,52.20900594732384,-125.0,-28.57142857142857,50432.0,231312.0,6.0
50826.0,1.850138403,1.0978481366123797E-7,50826.0,99.1,56.71412081569838,-50.0,-12.5,50826.0,231312.0,6.0
51220.0,1.862835423,1.1054461070012095E-7,51220.0,99.1,56.71412081569838,-50.0,-12.5,51220.0,231312.0,6.0
51614.0,1.880988905,1.1163092558889133E-7,51614.0,100.0,100.0,100.0,100.0,51614.0,231312.0,6.0
52008.0,1.899068848,1.1271283986126176E-7,52008.0,100.0,?,?,?,52008.0,231312.0,6.0
52402.0,1.917353383,1.1380699703754029E-7,52402.0,100.0,?,?,?,52402.0,231312.0,6.0
52796.0,1.935602133,1.1489901281866968E-7,52796.0,100.0,?,?,?,52796.0,231312.0,6.0
53190.0,1.953597992,1.1597589545572589E-7,53190.0,98.3,36.23405851462864,-183.33333333333331,-70.0,53190.0,231312.0,6.0
53584.0,1.97147909,1.170459107280005E-7,53584.0,98.3,40.56775276185136,-112.5,-54.54545454545454,53584.0,231312.0,6.0
53978.0,1.98944485,1.1812099222344447E-7,53978.0,99.8,85.6156501726121,66.66666666666666,75.0,53978.0,231312.0,6.0
54372.0,2.0076065,1.1920779589007089E-7,54372.0,100.0,100.0,100.0,100.0,54372.0,231312.0,6.0
54766.0,2.025499565,1.202785272745643E-7,54766.0,100.0,?,?,?,54766.0,231312.0,6.0
55160.0,2.043731085,1.2136951200250326E-7,55160.0,100.0,?,?,?,55160.0,231312.0,6.0
55554.0,2.061612557,1.2243954965515471E-7,55554.0,100.0,?,?,?,55554.0,231312.0,6.0
55948.0,2.079675527,1.2352044825336375E-7,55948.0,99.1,52.20900594732384,-125.0,-28.57142857142857,55948.0,231312.0,6.0
56342.0,2.097298922,1.2457504242869503E-7,56342.0,99.1,52.20900594732384,-125.0,-28.57142857142857,56342.0,231312.0,6.0
56736.0,2.11525728,1.2564968098416713E-7,56736.0,100.0,100.0,100.0,100.0,56736.0,231312.0,6.0
57130.0,2.133020045,1.26712615141109E-7,57130.0,100.0,?,?,?,57130.0,231312.0,6.0
57524.0,2.151041825,1.2779104890583493E-7,57524.0,100.0,?,?,?,57524.0,231312.0,6.0
57918.0,2.167965272,1.2880375778699704E-7,57918.0,100.0,100.0,100.0,100.0,57918.0,231312.0,6.0
58312.0,2.185058243,1.2982625732550808E-7,58312.0,98.9,51.66959578207377,-83.33333333333334,-37.5,58312.0,231232.0,6.0
58706.0,2.200861634,1.3077161433830647E-7,58706.0,98.9,47.12555277831164,-175.0,-57.14285714285714,58706.0,231232.0,6.0
59100.0,2.212910796,1.3149239380867736E-7,59100.0,98.9,47.12555277831164,-175.0,-57.14285714285714,59100.0,231232.0,6.0
59494.0,2.223856226,1.3214737468634006E-7,59494.0,99.5,28.4487693188333,-150.0,-400.0,59494.0,231312.0,6.0
59888.0,2.234773933,1.3280069660360818E-7,59888.0,99.5,28.4487693188333,-150.0,-400.0,59888.0,231312.0,6.0
60282.0,2.245757606,1.3345796596456524E-7,60282.0,100.0,100.0,100.0,100.0,60282.0,231312.0,6.0
60676.0,2.256889915,1.3412412978994553E-7,60676.0,100.0,?,?,?,60676.0,231312.0,6.0
61070.0,2.268198874,1.3480086445375237E-7,61070.0,99.4,56.84695051783629,-200.0,0.0,61070.0,231312.0,6.0
61464.0,2.279166383,1.354571665515771E-7,61464.0,99.4,62.20234345470564,-50.0,14.285714285714285,61464.0,231312.0,6.0
61858.0,2.290274088,1.3612185805933132E-7,61858.0,99.8,83.2355406538139,50.0,71.42857142857143,61858.0,231312.0,6.0
62252.0,2.301468737,1.3679175234645807E-7,62252.0,100.0,?,?,?,62252.0,231312.0,6.0
62646.0,2.312677823,1.3746251055203582E-7,62646.0,100.0,?,?,?,62646.0,231312.0,6.0
63040.0,2.324077432,1.3814466976440405E-7,63040.0,100.0,?,?,?,63040.0,231312.0,6.0
63434.0,2.335250147,1.3881325150825288E-7,63434.0,100.0,?,?,?,63434.0,231312.0,6.0
63828.0,2.346356484,1.394778611540939E-7,63828.0,98.4,45.98609141854029,-60.0,-77.77777777777779,63828.0,231312.0,6.0
64222.0,2.357345175,1.4013543079508053E-7,64222.0,98.4,45.98609141854029,-60.0,-77.77777777777779,64222.0,231312.0,6.0
64616.0,2.368447565,1.4079980425015296E-7,64616.0,100.0,?,?,?,64616.0,231312.0,6.0
65010.0,2.379762841,1.414769169269026E-7,65010.0,100.0,?,?,?,65010.0,231312.0,6.0
65404.0,2.390981794,1.421482655794815E-7,65404.0,100.0,?,?,?,65404.0,231312.0,6.0
65798.0,2.40216919,1.4281772584288276E-7,65798.0,100.0,?,?,?,65798.0,231312.0,6.0
66192.0,2.413092813,1.4347140177702115E-7,66192.0,98.7,0.0,-Infinity,-Infinity,66192.0,231312.0,6.0
66586.0,2.424071685,1.4412838384335443E-7,66586.0,98.5,39.389041538710394,-275.0,-114.28571428571428,66586.0,231312.0,6.0
66980.0,2.435052544,1.4478548481291985E-7,66980.0,99.0,49.540821475426625,-150.0,-42.857142857142854,66980.0,231312.0,6.0
67374.0,2.446077846,1.4544524527737455E-7,67374.0,100.0,100.0,100.0,100.0,67374.0,231312.0,6.0
67768.0,2.457147274,1.461076462672547E-7,67768.0,100.0,100.0,100.0,100.0,67768.0,231312.0,6.0
68162.0,2.468303634,1.4677524931842046E-7,68162.0,100.0,100.0,100.0,100.0,68162.0,231312.0,6.0
68556.0,2.479435426,1.4744138220622098E-7,68556.0,100.0,?,?,?,68556.0,231312.0,6.0
68950.0,2.490505043,1.4810379450597074E-7,68950.0,99.8,0.0,-Infinity,-Infinity,68950.0,231312.0,6.0
69344.0,2.501824684,1.4878116838685132E-7,69344.0,99.6,71.22716155948798,50.0,42.857142857142854,69344.0,231312.0,6.0
69738.0,2.512931809,1.4944582518706924E-7,69738.0,99.6,71.22716155948798,50.0,42.857142857142854,69738.0,231312.0,6.0
70132.0,2.523901434,1.5010225390756086E-7,70132.0,100.0,100.0,100.0,100.0,70132.0,231312.0,6.0
70526.0,2.534833678,1.5075644572733796E-7,70526.0,100.0,?,?,?,70526.0,231312.0,6.0
70920.0,2.545877144,1.5141729313608465E-7,70920.0,100.0,?,?,?,70920.0,231312.0,6.0
71314.0,2.556846688,1.520737170094893E-7,71314.0,100.0,?,?,?,71314.0,231312.0,6.0
71708.0,2.567986239,1.5274031420034873E-7,71708.0,100.0,100.0,100.0,100.0,71708.0,231312.0,6.0
72102.0,2.578963961,1.5339722745001522E-7,72102.0,100.0,100.0,100.0,100.0,72102.0,231312.0,6.0
72496.0,2.590052295,1.540607597858976E-7,72496.0,100.0,?,?,?,72496.0,231312.0,6.0
72890.0,2.60102874,1.5471759661914364E-7,72890.0,100.0,?,?,?,72890.0,231312.0,6.0
73284.0,2.611941475,1.5537062100904888E-7,73284.0,100.0,100.0,100.0,100.0,73284.0,231312.0,6.0
73678.0,2.622927479,1.560280298583975E-7,73678.0,100.0,100.0,100.0,100.0,73678.0,231312.0,6.0
74072.0,2.633908761,1.5668515614052818E-7,74072.0,99.7,79.84954325631396,50.0,62.5,74072.0,231312.0,6.0
74466.0,2.644887115,1.5734210720944112E-7,74466.0,99.7,79.84954325631396,50.0,62.5,74466.0,231312.0,6.0
74860.0,2.655850551,1.579981655765842E-7,74860.0,99.7,79.84954325631396,50.0,62.5,74860.0,231312.0,6.0
75254.0,2.666735802,1.5864954530799343E-7,75254.0,100.0,100.0,100.0,100.0,75254.0,231312.0,6.0
75648.0,2.677888987,1.5931695836531822E-7,75648.0,100.0,100.0,100.0,100.0,75648.0,231312.0,6.0
76042.0,2.689107263,1.5998826650582457E-7,76042.0,100.0,?,?,?,76042.0,231312.0,6.0
76436.0,2.700117208,1.6064710799849484E-7,76436.0,100.0,?,?,?,76436.0,231312.0,6.0
76830.0,2.711067771,1.613023960378538E-7,76830.0,99.8,83.2355406538139,50.0,71.42857142857143,76830.0,231312.0,6.0
77224.0,2.722195945,1.619683124224365E-7,77224.0,99.8,85.6156501726121,66.66666666666666,75.0,77224.0,231312.0,6.0
77618.0,2.733118907,1.6262194880195164E-7,77618.0,99.8,85.6156501726121,66.66666666666666,75.0,77618.0,231312.0,6.0
78012.0,2.745240867,1.6334733391699893E-7,78012.0,100.0,100.0,100.0,100.0,78012.0,231312.0,6.0
78406.0,2.757602263,1.6408704702111785E-7,78406.0,100.0,?,?,?,78406.0,231312.0,6.0
78800.0,2.769842501,1.64819509960266E-7,78800.0,100.0,?,?,?,78800.0,231312.0,6.0
79194.0,2.781962998,1.65544807528545E-7,79194.0,100.0,?,?,?,79194.0,231312.0,6.0
79588.0,2.79427677,1.662816707848902E-7,79588.0,99.7,76.77299473521218,50.0,57.14285714285714,79588.0,231312.0,6.0
79982.0,2.806492749,1.670126820514123E-7,79982.0,99.7,79.84954325631396,62.5,62.5,79982.0,231312.0,6.0
80376.0,2.818680864,1.677420259200181E-7,80376.0,100.0,100.0,100.0,100.0,80376.0,231312.0,6.0
80770.0,2.83086251,1.68470982679913E-7,80770.0,100.0,100.0,100.0,100.0,80770.0,231312.0,6.0
81164.0,2.843121138,1.6920454608732418E-7,81164.0,100.0,?,?,?,81164.0,231312.0,6.0
81558.0,2.855293564,1.6993295111707305E-7,81558.0,100.0,?,?,?,81558.0,231312.0,6.0
81952.0,2.867580444,1.706682051405455E-7,81952.0,99.7,76.77299473521218,25.0,57.14285714285714,81952.0,231312.0,6.0
82346.0,2.879863999,1.7140326019409006E-7,82346.0,99.7,76.77299473521218,25.0,57.14285714285714,82346.0,231312.0,6.0
82740.0,2.892371382,1.7215170924493627E-7,82740.0,99.7,79.84954325631396,50.0,62.5,82740.0,231312.0,6.0
83134.0,2.904960347,1.7290504020996598E-7,83134.0,100.0,100.0,100.0,100.0,83134.0,231312.0,6.0
83528.0,2.917313046,1.7364423288056212E-7,83528.0,100.0,?,?,?,83528.0,231312.0,6.0
83922.0,2.929674938,1.7438397566560862E-7,83922.0,100.0,?,?,?,83922.0,231312.0,6.0
84316.0,2.941937487,1.7511777370793332E-7,84316.0,100.0,?,?,?,84316.0,231312.0,6.0
84710.0,2.954288551,1.7585686853918145E-7,84710.0,99.8,83.2355406538139,66.66666666666666,71.42857142857143,84710.0,231312.0,6.0
85104.0,2.966612591,1.7659434623860032E-7,85104.0,99.8,83.2355406538139,66.66666666666666,71.42857142857143,85104.0,231312.0,6.0
85498.0,2.979015942,1.773365699542459E-7,85498.0,99.8,83.2355406538139,66.66666666666666,71.42857142857143,85498.0,231312.0,6.0
85892.0,2.991364095,1.7807549058956615E-7,85892.0,100.0,100.0,100.0,100.0,85892.0,231312.0,6.0
86286.0,3.003872302,1.7882398894905012E-7,86286.0,100.0,100.0,100.0,100.0,86286.0,231312.0,6.0
86680.0,3.016171921,1.7956000528166902E-7,86680.0,100.0,?,?,?,86680.0,231312.0,6.0
87074.0,3.028546197,1.803004891324561E-7,87074.0,100.0,?,?,?,87074.0,231312.0,6.0
87468.0,3.04091804,1.8104082739111245E-7,87468.0,99.8,83.2355406538139,50.0,71.42857142857143,87468.0,231312.0,6.0
87862.0,3.053060366,1.8176743121940852E-7,87862.0,99.8,85.6156501726121,66.66666666666666,75.0,87862.0,231312.0,6.0
88256.0,3.065400091,1.82505847518322E-7,88256.0,100.0,100.0,100.0,100.0,88256.0,231312.0,6.0
88650.0,3.077888358,1.8325315265664422E-7,88650.0,100.0,?,?,?,88650.0,231312.0,6.0
89044.0,3.090178484,1.8398860092263882E-7,89044.0,100.0,?,?,?,89044.0,231312.0,6.0
89438.0,3.102636615,1.8473410270524735E-7,89438.0,100.0,?,?,?,89438.0,231312.0,6.0
89832.0,3.115253706,1.8548911674642528E-7,89832.0,99.8,85.6156501726121,66.66666666666666,75.0,89832.0,231312.0,6.0
90226.0,3.127696758,1.862337161929306E-7,90226.0,99.8,85.6156501726121,66.66666666666666,75.0,90226.0,231312.0,6.0
90620.0,3.139986472,1.869691398046063E-7,90620.0,99.8,79.90353697749187,60.0,66.66666666666666,90620.0,231312.0,6.0
91014.0,3.152415672,1.8771291033939983E-7,91014.0,100.0,?,?,?,91014.0,231312.0,6.0
91408.0,3.164681415,1.8844689951253648E-7,91408.0,100.0,?,?,?,91408.0,231312.0,6.0
91802.0,3.176952579,1.891812130814564E-7,91802.0,100.0,?,?,?,91802.0,231312.0,6.0
92196.0,3.189310075,1.8992069280731398E-7,92196.0,100.0,?,?,?,92196.0,231312.0,6.0
92590.0,3.201565323,1.9065405395356533E-7,92590.0,99.8,94.01627573001437,66.66666666666666,88.88888888888889,92590.0,231312.0,6.0
92984.0,3.213997756,1.9139801795295345E-7,92984.0,99.8,94.01627573001437,66.66666666666666,88.88888888888889,92984.0,231312.0,6.0
93378.0,3.226483071,1.9214514644188402E-7,93378.0,100.0,100.0,100.0,100.0,93378.0,231312.0,6.0
93772.0,3.238713906,1.9287704670006005E-7,93772.0,100.0,100.0,100.0,100.0,93772.0,231312.0,6.0
94166.0,3.251175572,1.9362276001911826E-7,94166.0,100.0,?,?,?,94166.0,231312.0,6.0
94560.0,3.263481561,1.9435915753623066E-7,94560.0,100.0,?,?,?,94560.0,231312.0,6.0
94954.0,3.275813784,1.9509712491111426E-7,94954.0,99.8,85.6156501726121,50.0,75.0,94954.0,231312.0,6.0
95348.0,3.288221972,1.9583963807564446E-7,95348.0,99.8,87.40078115156855,66.66666666666666,77.77777777777779,95348.0,231312.0,6.0
95742.0,3.300746517,1.9658911411052166E-7,95742.0,99.8,85.6156501726121,50.0,75.0,95742.0,231312.0,6.0
96136.0,3.313088708,1.9732767797630497E-7,96136.0,100.0,100.0,100.0,100.0,96136.0,231312.0,6.0
96530.0,3.325585093,1.980754689004542E-7,96530.0,100.0,100.0,100.0,100.0,96530.0,231312.0,6.0
96924.0,3.337883346,1.9881140349084106E-7,96924.0,100.0,100.0,100.0,100.0,96924.0,231312.0,6.0
97318.0,3.350126802,1.995440589969751E-7,97318.0,100.0,?,?,?,97318.0,231312.0,6.0
97712.0,3.362668966,2.002945893630283E-7,97712.0,99.7,76.78018575851378,62.5,62.5,97712.0,231312.0,6.0
98106.0,3.374908565,2.0102701406404592E-7,98106.0,99.7,76.78018575851378,62.5,62.5,98106.0,231312.0,6.0
98500.0,3.387054637,2.0175384205515402E-7,98500.0,99.7,76.78018575851378,62.5,62.5,98500.0,231312.0,6.0
98894.0,3.39940035,2.024926166794595E-7,98894.0,100.0,100.0,100.0,100.0,98894.0,231312.0,6.0
99288.0,3.411656595,2.0322603748676895E-7,99288.0,100.0,100.0,100.0,100.0,99288.0,231312.0,6.0
99682.0,3.422875932,2.038974091181305E-7,99682.0,100.0,100.0,100.0,100.0,99682.0,231312.0,6.0
100076.0,3.433848928,2.0455403956121672E-7,100076.0,100.0,100.0,100.0,100.0,100076.0,231312.0,6.0
100470.0,3.444941496,2.0521782526211409E-7,100470.0,99.7,76.78018575851378,62.5,62.5,100470.0,231312.0,6.0
100864.0,3.456630942,2.0591732848861781E-7,100864.0,99.7,76.78018575851378,62.5,62.5,100864.0,231312.0,6.0
101258.0,3.472606246,2.068732999429004E-7,101258.0,100.0,?,?,?,101258.0,231312.0,6.0
101652.0,3.488747355,2.0783919326452132E-7,101652.0,100.0,100.0,100.0,100.0,101652.0,231312.0,6.0
102046.0,3.504983616,2.08810780536994E-7,102046.0,100.0,100.0,100.0,100.0,102046.0,231312.0,6.0
102440.0,3.521056439,2.0977258758478082E-7,102440.0,100.0,?,?,?,102440.0,231312.0,6.0
102834.0,3.53700018,2.1072667029084231E-7,102834.0,100.0,?,?,?,102834.0,231312.0,6.0
103228.0,3.553474276,2.117124897476183E-7,103228.0,99.8,83.2355406538139,50.0,71.42857142857143,103228.0,231312.0,6.0
103622.0,3.569467591,2.1266953899058418E-7,103622.0,99.8,85.6156501726121,66.66666666666666,75.0,103622.0,231312.0,6.0
104016.0,3.585334354,2.136190152884917E-7,104016.0,100.0,100.0,100.0,100.0,104016.0,231312.0,6.0
104410.0,3.60155856,2.1458988118277455E-7,104410.0,100.0,?,?,?,104410.0,231312.0,6.0
104804.0,3.617498782,2.1554375330983564E-7,104804.0,100.0,?,?,?,104804.0,231312.0,6.0
105198.0,3.633462033,2.1649900350560958E-7,105198.0,100.0,?,?,?,105198.0,231312.0,6.0
105592.0,3.649417992,2.1745381734387543E-7,105592.0,100.0,?,?,?,105592.0,231312.0,6.0
105986.0,3.665230295,2.1840003472380555E-7,105986.0,99.6,71.22716155948798,0.0,42.857142857142854,105986.0,231312.0,6.0
106380.0,3.681029948,2.1934549512040084E-7,106380.0,99.6,71.22716155948798,0.0,42.857142857142854,106380.0,231312.0,6.0
106774.0,3.696955718,2.2029850243140227E-7,106774.0,100.0,?,?,?,106774.0,231312.0,6.0
107168.0,3.712736273,2.2124281999260403E-7,107168.0,100.0,?,?,?,107168.0,231312.0,6.0
107562.0,3.728419361,2.2218130507201171E-7,107562.0,100.0,?,?,?,107562.0,231312.0,6.0
107956.0,3.744150612,2.2312267225326564E-7,107956.0,100.0,100.0,100.0,100.0,107956.0,231312.0,6.0
108350.0,3.759973398,2.240695169419941E-7,108350.0,99.8,85.6156501726121,50.0,75.0,108350.0,231312.0,6.0
108744.0,3.775754221,2.2501385054047123E-7,108744.0,99.8,85.6156501726121,50.0,75.0,108744.0,231312.0,6.0
109138.0,3.791650493,2.259650926740489E-7,109138.0,99.8,85.6156501726121,50.0,75.0,109138.0,231312.0,6.0
109532.0,3.807540324,2.269159493744519E-7,109532.0,100.0,100.0,100.0,100.0,109532.0,231312.0,6.0
109926.0,3.823285981,2.2785817861909883E-7,109926.0,100.0,?,?,?,109926.0,231312.0,6.0
110320.0,3.839644147,2.288370607574554E-7,110320.0,100.0,?,?,?,110320.0,231312.0,6.0
110714.0,3.855473879,2.2978432109885135E-7,110714.0,100.0,?,?,?,110714.0,231312.0,6.0
111108.0,3.871491873,2.307428471474868E-7,111108.0,99.8,83.2355406538139,50.0,71.42857142857143,111108.0,231312.0,6.0
111502.0,3.883004996,2.314317991034336E-7,111502.0,99.8,83.2355406538139,50.0,71.42857142857143,111502.0,231312.0,6.0
111896.0,3.894204997,2.321020136573436E-7,111896.0,99.8,85.6156501726121,66.66666666666666,75.0,111896.0,231312.0,6.0
112290.0,3.90515617,2.3275733819945623E-7,112290.0,100.0,100.0,100.0,100.0,112290.0,231312.0,6.0
112684.0,3.916242848,2.334207714393384E-7,112684.0,100.0,?,?,?,112684.0,231312.0,6.0
113078.0,3.927084988,2.3406957138351072E-7,113078.0,100.0,?,?,?,113078.0,231312.0,6.0
113472.0,3.938007494,2.3472318047572144E-7,113472.0,100.0,?,?,?,113472.0,231312.0,6.0
113866.0,3.94912176,2.353882645975199E-7,113866.0,99.8,83.2355406538139,50.0,71.42857142857143,113866.0,231312.0,6.0
114260.0,3.960407217,2.3606359288801965E-7,114260.0,99.8,83.2355406538139,50.0,71.42857142857143,114260.0,231312.0,6.0
114654.0,3.97232954,2.367770316092319E-7,114654.0,100.0,100.0,100.0,100.0,114654.0,231312.0,6.0
115048.0,3.984571923,2.3750962290642377E-7,115048.0,100.0,100.0,100.0,100.0,115048.0,231312.0,6.0
115442.0,3.997001428,2.3825341169259416E-7,115442.0,100.0,?,?,?,115442.0,231312.0,6.0
115836.0,4.009335839,2.389915099986664E-7,115836.0,100.0,?,?,?,115836.0,231312.0,6.0
116230.0,4.021528538,2.3972112817649016E-7,116230.0,99.8,83.2355406538139,66.66666666666666,71.42857142857143,116230.0,231312.0,6.0
116624.0,4.033839876,2.4045784578086405E-7,116624.0,99.8,83.2355406538139,66.66666666666666,71.42857142857143,116624.0,231312.0,6.0
117018.0,4.046177758,2.411961517935889E-7,117018.0,99.8,85.6156501726121,75.0,75.0,117018.0,231312.0,6.0
117412.0,4.058532849,2.41935487602852E-7,117412.0,100.0,100.0,100.0,100.0,117412.0,231312.0,6.0
117806.0,4.070747393,2.4266641299814203E-7,117806.0,100.0,100.0,100.0,100.0,117806.0,231312.0,6.0
118200.0,4.083080642,2.4340444176946054E-7,118200.0,100.0,?,?,?,118200.0,231312.0,6.0
118594.0,4.095529323,2.441493780585897E-7,118594.0,100.0,?,?,?,118594.0,231312.0,6.0
118988.0,4.107865487,2.4488758126519837E-7,118988.0,99.7,76.77299473521218,50.0,57.14285714285714,118988.0,231312.0,6.0
119382.0,4.120168993,2.4562383019815104E-7,119382.0,99.7,76.77299473521218,50.0,57.14285714285714,119382.0,231312.0,6.0
119776.0,4.132626446,2.4636929140884647E-7,119776.0,100.0,100.0,100.0,100.0,119776.0,231312.0,6.0
120170.0,4.145298572,2.471275987763352E-7,120170.0,100.0,?,?,?,120170.0,231312.0,6.0
120564.0,4.157739509,2.478720716600142E-7,120564.0,100.0,100.0,100.0,100.0,120564.0,231312.0,6.0
120958.0,4.17010291,2.4861190474449566E-7,120958.0,100.0,100.0,100.0,100.0,120958.0,231312.0,6.0
121352.0,4.182411267,2.493484439641011E-7,121352.0,99.7,79.8549556809025,50.0,66.66666666666666,121352.0,231312.0,6.0
121746.0,4.195082771,2.501067141107492E-7,121746.0,99.7,76.78018575851378,25.0,62.5,121746.0,231312.0,6.0
122140.0,4.207818834,2.508688475053904E-7,122140.0,99.7,76.78018575851378,25.0,62.5,122140.0,231312.0,6.0
122534.0,4.22008976,2.5160314683225226E-7,122534.0,100.0,?,?,?,122534.0,231312.0,6.0
122928.0,4.232355545,2.5233713851869327E-7,122928.0,100.0,?,?,?,122928.0,231312.0,6.0
123322.0,4.244646342,2.530726269377169E-7,123322.0,100.0,100.0,100.0,100.0,123322.0,231312.0,6.0
123716.0,4.256939275,2.5380824317621906E-7,123716.0,100.0,100.0,100.0,100.0,123716.0,231312.0,6.0
124110.0,4.26918493,2.5454103027178813E-7,124110.0,99.7,84.06289842753935,50.0,72.72727272727273,124110.0,231312.0,6.0
124504.0,4.28131971,2.552671825430688E-7,124504.0,99.7,82.20640569395015,25.0,70.0,124504.0,231312.0,6.0
124898.0,4.293433582,2.559920836675065E-7,124898.0,100.0,?,?,?,124898.0,231312.0,6.0
125292.0,4.30564167,2.5672262273201315E-7,125292.0,100.0,?,?,?,125292.0,231312.0,6.0
125686.0,4.317656324,2.574415865938015E-7,125686.0,100.0,100.0,100.0,100.0,125686.0,231312.0,6.0
126080.0,4.329881285,2.581731353484116E-7,126080.0,100.0,100.0,100.0,100.0,126080.0,231312.0,6.0
126474.0,4.342143864,2.589069351859537E-7,126474.0,99.9,90.85923217550278,66.66666666666666,83.33333333333334,126474.0,231312.0,6.0
126868.0,4.354498493,2.596462433488689E-7,126868.0,99.8,83.2355406538139,66.66666666666666,71.42857142857143,126868.0,231312.0,6.0
127262.0,4.366587901,2.6036968053336166E-7,127262.0,99.8,83.2355406538139,66.66666666666666,71.42857142857143,127262.0,231312.0,6.0
127656.0,4.378697737,2.610943401412191E-7,127656.0,100.0,100.0,100.0,100.0,127656.0,231312.0,6.0
128050.0,4.390827206,2.6182017459918035E-7,128050.0,100.0,100.0,100.0,100.0,128050.0,231312.0,6.0
128444.0,4.403044073,2.6255123900413736E-7,128444.0,100.0,?,?,?,128444.0,231312.0,6.0
128838.0,4.415157606,2.6327611984261844E-7,128838.0,100.0,?,?,?,128838.0,231312.0,6.0
129232.0,4.427252379,2.6399987807182195E-7,129232.0,99.8,83.2355406538139,66.66666666666666,71.42857142857143,129232.0,231312.0,6.0
129626.0,4.439368379,2.6472490653701345E-7,129626.0,99.8,83.2355406538139,66.66666666666666,71.42857142857143,129626.0,231312.0,6.0
130020.0,4.451404064,2.654451289060361E-7,130020.0,99.8,83.2355406538139,66.66666666666666,71.42857142857143,130020.0,231312.0,6.0
130414.0,4.463591976,2.6617446062700416E-7,130414.0,100.0,?,?,?,130414.0,231312.0,6.0
130808.0,4.475759576,2.669025768661148E-7,130808.0,100.0,?,?,?,130808.0,231312.0,6.0
131202.0,4.487904295,2.676293238929184E-7,131202.0,100.0,100.0,100.0,100.0,131202.0,231312.0,6.0
131596.0,4.500289903,2.6837048585715613E-7,131596.0,100.0,100.0,100.0,100.0,131596.0,231312.0,6.0
131990.0,4.512601889,2.6910724223822575E-7,131990.0,99.8,85.6156501726121,75.0,75.0,131990.0,231312.0,6.0
132384.0,4.524860031,2.698407765631151E-7,132384.0,99.8,85.6156501726121,75.0,75.0,132384.0,231312.0,6.0
132778.0,4.537180117,2.7057801765288133E-7,132778.0,100.0,100.0,100.0,100.0,132778.0,231312.0,6.0
133172.0,4.549335343,2.713053934246572E-7,133172.0,100.0,100.0,100.0,100.0,133172.0,231312.0,6.0
133566.0,4.561760993,2.720489515253923E-7,133566.0,100.0,?,?,?,133566.0,231312.0,6.0
133960.0,4.573983156,2.727803328460601E-7,133960.0,100.0,?,?,?,133960.0,231312.0,6.0
134354.0,4.586221132,2.735126604258167E-7,134354.0,99.8,85.6156501726121,50.0,75.0,134354.0,231312.0,6.0
134748.0,4.598744349,2.742620569924039E-7,134748.0,99.8,85.6156501726121,50.0,75.0,134748.0,231312.0,6.0
135142.0,4.611015331,2.7499635967033826E-7,135142.0,99.8,85.6156501726121,50.0,75.0,135142.0,231312.0,6.0
135536.0,4.623040192,2.7571593432492486E-7,135536.0,100.0,?,?,?,135536.0,231312.0,6.0
135930.0,4.63399822,2.763716690742122E-7,135930.0,100.0,?,?,?,135930.0,231312.0,6.0
136324.0,4.645064806,2.770338999971645E-7,136324.0,100.0,?,?,?,136324.0,231312.0,6.0
136718.0,4.656340409,2.7770863861859065E-7,136718.0,100.0,?,?,?,136718.0,231312.0,6.0
137112.0,4.667412232,2.783711829266595E-7,137112.0,100.0,?,?,?,137112.0,231312.0,6.0
137506.0,4.678411487,2.7902938472353143E-7,137506.0,100.0,?,?,?,137506.0,231312.0,6.0
137900.0,4.68944121,2.796894097431895E-7,137900.0,100.0,?,?,?,137900.0,231312.0,6.0
138294.0,4.700723801,2.8036456653058747E-7,138294.0,99.7,0.0,-Infinity,-Infinity,138294.0,231312.0,6.0
138688.0,4.711733779,2.8102340999799687E-7,138688.0,99.7,0.0,-Infinity,-Infinity,138688.0,231312.0,6.0
139082.0,4.722866048,2.81689571429754E-7,139082.0,99.7,0.0,-Infinity,-Infinity,139082.0,231312.0,6.0
139476.0,4.733744809,2.8234056279580016E-7,139476.0,99.6,71.22716155948798,0.0,42.857142857142854,139476.0,231312.0,6.0
139870.0,4.744746051,2.829988834959042E-7,139870.0,99.6,74.79838709677435,33.33333333333333,50.0,139870.0,231312.0,6.0
140264.0,4.755869235,2.8366450127599357E-7,140264.0,99.6,74.79838709677435,33.33333333333333,50.0,140264.0,231312.0,6.0
140658.0,4.766990491,2.8433000368344507E-7,140658.0,99.9,0.0,50.0,0.0,140658.0,231312.0,6.0
141052.0,4.777834222,2.849788988339799E-7,141052.0,99.9,0.0,50.0,0.0,141052.0,231312.0,6.0
141446.0,4.788945193,2.8564378578106785E-7,141446.0,99.9,0.0,50.0,0.0,141446.0,231312.0,6.0
141840.0,4.799838788,2.862956648222752E-7,141840.0,100.0,?,?,?,141840.0,231312.0,6.0
142234.0,4.810864368,2.8695544192241105E-7,142234.0,99.6,71.22716155948798,-100.0,42.857142857142854,142234.0,231312.0,6.0
142628.0,4.821764027,2.8760768383689447E-7,142628.0,99.6,74.79838709677435,0.0,50.0,142628.0,231312.0,6.0
143022.0,4.832622157,2.8825744063193824E-7,143022.0,100.0,100.0,100.0,100.0,143022.0,231312.0,6.0
143416.0,4.84364562,2.889170910495666E-7,143416.0,100.0,?,?,?,143416.0,231312.0,6.0
143810.0,4.854763072,2.8958236582345243E-7,143810.0,100.0,?,?,?,143810.0,231312.0,6.0
144204.0,4.865855042,2.9024611573968305E-7,144204.0,100.0,?,?,?,144204.0,231312.0,6.0
144598.0,4.876771239,2.9089934729767565E-7,144598.0,100.0,?,?,?,144598.0,231312.0,6.0
144992.0,4.887963482,2.9156909760836735E-7,144992.0,99.7,79.84954325631396,50.0,62.5,144992.0,231312.0,6.0
145386.0,4.898871012,2.922218105280546E-7,145386.0,99.7,79.84954325631396,50.0,62.5,145386.0,231312.0,6.0
145780.0,4.909646561,2.928666256281756E-7,145780.0,100.0,100.0,100.0,100.0,145780.0,231312.0,6.0
146174.0,4.92064895,2.9352501496542473E-7,146174.0,100.0,?,?,?,146174.0,231312.0,6.0
146568.0,4.931576051,2.941788990250998E-7,146568.0,100.0,100.0,100.0,100.0,146568.0,231312.0,6.0
146962.0,4.942738606,2.9484687278865756E-7,146962.0,100.0,100.0,100.0,100.0,146962.0,231312.0,6.0
147356.0,4.954254084,2.9553596566916983E-7,147356.0,99.8,93.23226854358418,87.5,87.5,147356.0,231312.0,6.0
147750.0,4.965483953,2.9620796754151813E-7,147750.0,99.8,90.80882352941175,80.0,83.33333333333334,147750.0,231312.0,6.0
148144.0,4.976946716,2.968939059258648E-7,148144.0,99.8,90.80882352941175,80.0,83.33333333333334,148144.0,231312.0,6.0
148538.0,4.988095058,2.975610291752615E-7,148538.0,100.0,?,?,?,148538.0,231312.0,6.0
148932.0,4.999256194,2.982289180250365E-7,148932.0,100.0,?,?,?,148932.0,231312.0,6.0
149326.0,5.010331508,2.988916712365695E-7,149326.0,100.0,?,?,?,149326.0,231312.0,6.0
149720.0,5.021482012,2.9955892386129976E-7,149720.0,100.0,?,?,?,149720.0,231312.0,6.0
150114.0,5.032643101,3.002268098985675E-7,150114.0,99.7,76.77299473521218,50.0,57.14285714285714,150114.0,231312.0,6.0
150508.0,5.043655434,3.008857942905424E-7,150508.0,99.7,79.84954325631396,62.5,62.5,150508.0,231312.0,6.0
150902.0,5.054686991,3.015459290578239E-7,150902.0,99.7,79.84954325631396,62.5,62.5,150902.0,231312.0,6.0
151296.0,5.065919489,3.0221808825105656E-7,151296.0,100.0,?,?,?,151296.0,231312.0,6.0
151690.0,5.077295098,3.0289881128950895E-7,151690.0,100.0,?,?,?,151690.0,231312.0,6.0
152084.0,5.088504667,3.0356959839808673E-7,152084.0,100.0,?,?,?,152084.0,231312.0,6.0
152478.0,5.099573433,3.0423195977350305E-7,152478.0,100.0,100.0,100.0,100.0,152478.0,231312.0,6.0
152872.0,5.110690874,3.048972338891425E-7,152872.0,99.6,79.80613893376417,60.0,66.66666666666666,152872.0,231312.0,6.0
153266.0,5.121760823,3.055596660559648E-7,153266.0,99.6,77.58601367253168,50.0,63.63636363636363,153266.0,231312.0,6.0
153660.0,5.132887307,3.062254813099676E-7,153660.0,100.0,100.0,100.0,100.0,153660.0,231312.0,6.0
154054.0,5.14402561,3.068920038197834E-7,154054.0,100.0,?,?,?,154054.0,231312.0,6.0
154448.0,5.155019925,3.07549910004191E-7,154448.0,100.0,?,?,?,154448.0,231312.0,6.0
154842.0,5.165977274,3.0820560412172464E-7,154842.0,100.0,?,?,?,154842.0,231312.0,6.0
155236.0,5.176947637,3.088620770045642E-7,155236.0,99.5,66.41590542718994,-25.0,28.57142857142857,155236.0,231312.0,6.0
155630.0,5.187934776,3.0951955377297093E-7,155630.0,99.4,66.3639421459805,25.0,33.33333333333333,155630.0,231312.0,6.0
156024.0,5.198925697,3.1017725685845057E-7,156024.0,99.4,66.3639421459805,25.0,33.33333333333333,156024.0,231312.0,6.0
156418.0,5.210297829,3.1085777183120686E-7,156418.0,99.9,66.62216288384631,75.0,50.0,156418.0,231312.0,6.0
156812.0,5.221473421,3.1152652573640386E-7,156812.0,100.0,?,?,?,156812.0,231312.0,6.0
157206.0,5.232521966,3.121876770754555E-7,157206.0,100.0,?,?,?,157206.0,231312.0,6.0
157600.0,5.243441693,3.128411198706949E-7,157600.0,100.0,?,?,?,157600.0,231312.0,6.0
157994.0,5.254475465,3.135013871848607E-7,157994.0,99.8,83.2355406538139,50.0,71.42857142857143,157994.0,231312.0,6.0
158388.0,5.265366585,3.14153118120633E-7,158388.0,99.8,85.6156501726121,66.66666666666666,75.0,158388.0,231312.0,6.0
158782.0,5.276614148,3.1482617881220076E-7,158782.0,100.0,100.0,100.0,100.0,158782.0,231312.0,6.0
159176.0,5.287772722,3.154939143504102E-7,159176.0,100.0,100.0,100.0,100.0,159176.0,231312.0,6.0
159570.0,5.298846011,3.1615654638476907E-7,159570.0,100.0,?,?,?,159570.0,231312.0,6.0
159964.0,5.310167049,3.1683400386293967E-7,159964.0,100.0,?,?,?,159964.0,231312.0,6.0
160358.0,5.321472706,3.1751054093315194E-7,160358.0,100.0,?,?,?,160358.0,231312.0,6.0
160752.0,5.333569776,3.1823443661616735E-7,160752.0,99.8,87.40078115156855,66.66666666666666,77.77777777777779,160752.0,231312.0,6.0
161146.0,5.345960765,3.189759205825651E-7,161146.0,99.8,87.40078115156855,66.66666666666666,77.77777777777779,161146.0,231312.0,6.0
161540.0,5.358273536,3.197127239384899E-7,161540.0,100.0,100.0,100.0,100.0,161540.0,231312.0,6.0
161934.0,5.370646753,3.2045314441810294E-7,161934.0,100.0,?,?,?,161934.0,231312.0,6.0
162328.0,5.383168088,3.212024283647189E-7,162328.0,100.0,?,?,?,162328.0,231312.0,6.0
162722.0,5.39546257,3.219381372962792E-7,162722.0,100.0,?,?,?,162722.0,231312.0,6.0
163116.0,5.407838203,3.2267870235073313E-7,163116.0,99.7,76.78018575851378,25.0,62.5,163116.0,231312.0,6.0
163510.0,5.420315695,3.234253627068077E-7,163510.0,99.7,76.78018575851378,25.0,62.5,163510.0,231312.0,6.0
163904.0,5.432909096,3.241789591246495E-7,163904.0,99.7,79.8549556809025,50.0,66.66666666666666,163904.0,231312.0,6.0
164298.0,5.445353319,3.2492362864447376E-7,164298.0,100.0,100.0,100.0,100.0,164298.0,231312.0,6.0
164692.0,5.457536174,3.256526577516297E-7,164692.0,100.0,100.0,100.0,100.0,164692.0,231312.0,6.0
165086.0,5.46997716,3.263971335674971E-7,165086.0,100.0,?,?,?,165086.0,231312.0,6.0
165480.0,5.482609946,3.271530868065754E-7,165480.0,100.0,?,?,?,165480.0,231312.0,6.0
165874.0,5.494887016,3.278877537939598E-7,165874.0,100.0,?,?,?,165874.0,231312.0,6.0
166268.0,5.507195954,3.286243277809421E-7,166268.0,100.0,?,?,?,166268.0,231312.0,6.0
166662.0,5.519354876,3.29351924723501E-7,166662.0,100.0,?,?,?,166662.0,231312.0,6.0
167056.0,5.531868195,3.3010072898802906E-7,167056.0,100.0,?,?,?,167056.0,231312.0,6.0
167450.0,5.544200309,3.308386898402895E-7,167450.0,100.0,?,?,?,167450.0,231312.0,6.0
167844.0,5.556508685,3.3157523019686593E-7,167844.0,99.8,83.2355406538139,66.66666666666666,71.42857142857143,167844.0,231312.0,6.0
168238.0,5.568891515,3.323162259239729E-7,168238.0,99.8,83.2355406538139,66.66666666666666,71.42857142857143,168238.0,231312.0,6.0
168632.0,5.581378259,3.3306343992509204E-7,168632.0,100.0,100.0,100.0,100.0,168632.0,231312.0,6.0
169026.0,5.593793419,3.338063702981448E-7,169026.0,100.0,100.0,100.0,100.0,169026.0,231312.0,6.0
169420.0,5.606404519,3.34561025834409E-7,169420.0,100.0,100.0,100.0,100.0,169420.0,231312.0,6.0
169814.0,5.618950526,3.3531178616781043E-7,169814.0,100.0,?,?,?,169814.0,231312.0,6.0
170208.0,5.631414027,3.3605760929433264E-7,170208.0,99.8,83.2355406538139,50.0,71.42857142857143,170208.0,231312.0,6.0
170602.0,5.643837889,3.36801060400111E-7,170602.0,99.8,83.2355406538139,50.0,71.42857142857143,170602.0,231312.0,6.0
170996.0,5.656475085,3.375572775361464E-7,170996.0,99.8,83.2355406538139,50.0,71.42857142857143,170996.0,231312.0,6.0
171390.0,5.668963609,3.383045980534976E-7,171390.0,100.0,?,?,?,171390.0,231312.0,6.0
171784.0,5.681538784,3.3905710381693145E-7,171784.0,100.0,?,?,?,171784.0,231312.0,6.0
172178.0,5.69419917,3.3981470865601304E-7,172178.0,100.0,?,?,?,172178.0,231312.0,6.0
172572.0,5.706802969,3.405689272962039E-7,172572.0,100.0,100.0,100.0,100.0,172572.0,231312.0,6.0
172966.0,5.71912167,3.4130608550676707E-7,172966.0,99.8,85.6156501726121,75.0,75.0,172966.0,231312.0,6.0
173360.0,5.731524924,3.420483034178764E-7,173360.0,99.8,83.2355406538139,71.42857142857143,71.42857142857143,173360.0,231312.0,6.0
173754.0,5.743812641,3.427836075279142E-7,173754.0,100.0,?,?,?,173754.0,231312.0,6.0
174148.0,5.756166673,3.4352287996600323E-7,174148.0,100.0,?,?,?,174148.0,231312.0,6.0
174542.0,5.768623882,3.442683265755972E-7,174542.0,100.0,100.0,100.0,100.0,174542.0,231312.0,6.0
174936.0,5.780918902,3.4500406770138946E-7,174936.0,100.0,100.0,100.0,100.0,174936.0,231312.0,6.0
175330.0,5.793170448,3.457372073178143E-7,175330.0,100.0,100.0,100.0,100.0,175330.0,231312.0,6.0
175724.0,5.805637392,3.4648323647545283E-7,175724.0,99.7,76.78018575851378,50.0,62.5,175724.0,231312.0,6.0
176118.0,5.818108517,3.472295158265556E-7,176118.0,99.7,79.8549556809025,62.5,66.66666666666666,176118.0,231312.0,6.0
176512.0,5.830770912,3.4798724088536206E-7,176512.0,100.0,100.0,100.0,100.0,176512.0,231312.0,6.0
176906.0,5.843361797,3.4874068674430504E-7,176906.0,100.0,100.0,100.0,100.0,176906.0,231312.0,6.0
177300.0,5.855499501,3.4946701398944114E-7,177300.0,100.0,?,?,?,177300.0,231312.0,6.0
177694.0,5.867958212,3.50212550479586E-7,177694.0,100.0,?,?,?,177694.0,231312.0,6.0
178088.0,5.880234203,3.509471528989847E-7,178088.0,100.0,?,?,?,178088.0,231312.0,6.0
178482.0,5.892528489,3.516828501017914E-7,178482.0,99.8,83.2355406538139,50.0,71.42857142857143,178482.0,231312.0,6.0
178876.0,5.90500402,3.5242939311048894E-7,178876.0,99.8,83.2355406538139,50.0,71.42857142857143,178876.0,231312.0,6.0
179270.0,5.917424071,3.5317261616381765E-7,179270.0,100.0,?,?,?,179270.0,231312.0,6.0
179664.0,5.929891956,3.539187016314418E-7,179664.0,100.0,100.0,100.0,100.0,179664.0,231312.0,6.0
180058.0,5.94233583,3.5466335026690374E-7,180058.0,100.0,100.0,100.0,100.0,180058.0,231312.0,6.0
180452.0,5.954658662,3.5540075567890215E-7,180452.0,100.0,100.0,100.0,100.0,180452.0,231312.0,6.0
180846.0,5.967117418,3.561462948618731E-7,180846.0,99.8,87.40078115156855,66.66666666666666,77.77777777777779,180846.0,231312.0,6.0
181240.0,5.979539971,3.568896676363325E-7,181240.0,99.8,87.40078115156855,66.66666666666666,77.77777777777779,181240.0,231312.0,6.0
181634.0,5.991986402,3.5763446928415707E-7,181634.0,99.8,88.78923766816146,75.0,80.0,181634.0,231312.0,6.0
182028.0,6.004264953,3.583692248954402E-7,182028.0,100.0,100.0,100.0,100.0,182028.0,231312.0,6.0
182422.0,6.016585222,3.591064769360325E-7,182422.0,100.0,100.0,100.0,100.0,182422.0,231312.0,6.0
182816.0,6.02806442,3.5979339880030866E-7,182816.0,100.0,?,?,?,182816.0,231312.0,6.0
183210.0,6.039107592,3.604542286159249E-7,183210.0,100.0,?,?,?,183210.0,231312.0,6.0
183604.0,6.050119544,3.611131902086389E-7,183604.0,99.8,85.6156501726121,66.66666666666666,75.0,183604.0,231312.0,6.0
183998.0,6.061310371,3.6178285578506956E-7,183998.0,99.8,85.6156501726121,66.66666666666666,75.0,183998.0,231312.0,6.0
184392.0,6.072621784,3.624597372976593E-7,184392.0,99.9,66.62216288384631,75.0,50.0,184392.0,231312.0,6.0
184786.0,6.083786481,3.6312783923973906E-7,184786.0,100.0,?,?,?,184786.0,231312.0,6.0
185180.0,6.094802277,3.637870308596419E-7,185180.0,100.0,?,?,?,185180.0,231312.0,6.0
185574.0,6.105648605,3.644360814161625E-7,185574.0,100.0,?,?,?,185574.0,231312.0,6.0
185968.0,6.116688969,3.6509674319943057E-7,185968.0,100.0,?,?,?,185968.0,231312.0,6.0
186362.0,6.127943507,3.6577022127904265E-7,186362.0,99.7,76.77299473521218,25.0,57.14285714285714,186362.0,231312.0,6.0
186756.0,6.139211886,3.664445276121201E-7,186756.0,99.7,76.77299473521218,25.0,57.14285714285714,186756.0,231312.0,6.0
187150.0,6.150299327,3.671080065103647E-7,187150.0,100.0,?,?,?,187150.0,231312.0,6.0
187544.0,6.161409649,3.6777285462091633E-7,187544.0,100.0,?,?,?,187544.0,231312.0,6.0
187938.0,6.172464101,3.68434359438273E-7,187938.0,100.0,100.0,100.0,100.0,187938.0,231312.0,6.0
188332.0,6.183471593,3.69093054142001E-7,188332.0,100.0,100.0,100.0,100.0,188332.0,231312.0,6.0
188726.0,6.194489123,3.6975234952546926E-7,188726.0,100.0,?,?,?,188726.0,231312.0,6.0
189120.0,6.205435862,3.7040740873445095E-7,189120.0,99.8,83.2355406538139,0.0,71.42857142857143,189120.0,231312.0,6.0
189514.0,6.216475319,3.710680162423131E-7,189514.0,99.8,83.2355406538139,0.0,71.42857142857143,189514.0,231312.0,6.0
189908.0,6.227426161,3.717233209771938E-7,189908.0,100.0,100.0,100.0,100.0,189908.0,231312.0,6.0
190302.0,6.23856634,3.7238995574793736E-7,190302.0,100.0,100.0,100.0,100.0,190302.0,231312.0,6.0
190696.0,6.249497854,3.730441038840912E-7,190696.0,100.0,100.0,100.0,100.0,190696.0,231312.0,6.0
191090.0,6.260589936,3.7370786050246677E-7,191090.0,100.0,?,?,?,191090.0,231312.0,6.0
191484.0,6.271876554,3.743832582678797E-7,191484.0,99.8,83.2355406538139,66.66666666666666,71.42857142857143,191484.0,231312.0,6.0
191878.0,6.283077445,3.7505352607990575E-7,191878.0,99.8,85.6156501726121,75.0,75.0,191878.0,231312.0,6.0
192272.0,6.294306483,3.757254782247322E-7,192272.0,99.8,85.6156501726121,75.0,75.0,192272.0,231312.0,6.0
192666.0,6.30550732,3.7639574280536694E-7,192666.0,100.0,100.0,100.0,100.0,192666.0,231312.0,6.0
193060.0,6.316665446,3.7706345153499664E-7,193060.0,100.0,?,?,?,193060.0,231312.0,6.0
193454.0,6.32826678,3.777576820883306E-7,193454.0,100.0,?,?,?,193454.0,231312.0,6.0
193848.0,6.339505158,3.784301931441726E-7,193848.0,100.0,?,?,?,193848.0,231312.0,6.0
194242.0,6.35134451,3.79138666832636E-7,194242.0,99.8,83.2355406538139,50.0,71.42857142857143,194242.0,231312.0,6.0
194636.0,6.367545965,3.801081712938872E-7,194636.0,99.8,83.2355406538139,50.0,71.42857142857143,194636.0,231312.0,6.0
195030.0,6.383725213,3.810763468753822E-7,195030.0,100.0,100.0,100.0,100.0,195030.0,231312.0,6.0
195424.0,6.400107937,3.8205669857869816E-7,195424.0,100.0,100.0,100.0,100.0,195424.0,231312.0,6.0
195818.0,6.416472848,3.830359843417657E-7,195818.0,100.0,?,?,?,195818.0,231312.0,6.0
196212.0,6.432618589,3.8400215484495235E-7,196212.0,100.0,?,?,?,196212.0,231312.0,6.0
196606.0,6.449260658,3.849980259034437E-7,196606.0,99.8,83.2355406538139,66.66666666666666,71.42857142857143,196606.0,231312.0,6.0
197000.0,6.465583075,3.85974768800912E-7,197000.0,99.8,87.40078115156855,80.0,77.77777777777779,197000.0,231312.0,6.0
197394.0,6.481659859,3.869368128772355E-7,197394.0,99.8,87.40078115156855,80.0,77.77777777777779,197394.0,231312.0,6.0
197788.0,6.497854985,3.87905938607457E-7,197788.0,100.0,100.0,100.0,100.0,197788.0,231312.0,6.0
198182.0,6.51411695,3.8887906402219355E-7,198182.0,100.0,?,?,?,198182.0,231312.0,6.0
198576.0,6.53020667,3.898418821962577E-7,198576.0,100.0,?,?,?,198576.0,231312.0,6.0
198970.0,6.546376936,3.9080952028966467E-7,198970.0,100.0,100.0,100.0,100.0,198970.0,231312.0,6.0
199364.0,6.562316847,3.9176337380630545E-7,199364.0,99.8,85.6156501726121,66.66666666666666,75.0,199364.0,231312.0,6.0
199758.0,6.578550442,3.927348015437923E-7,199758.0,99.8,85.6156501726121,66.66666666666666,75.0,199758.0,231312.0,6.0
200152.0,6.594615599,3.9369614985369416E-7,200152.0,99.8,83.2355406538139,50.0,71.42857142857143,200152.0,231312.0,6.0
200546.0,6.610747194,3.946614738520386E-7,200546.0,100.0,?,?,?,200546.0,231312.0,6.0
200940.0,6.626811866,3.956227931392592E-7,200940.0,100.0,?,?,?,200940.0,231312.0,6.0
201334.0,6.642801186,3.9657960331910866E-7,201334.0,100.0,?,?,?,201334.0,231312.0,6.0
201728.0,6.658884809,3.975420566451576E-7,201728.0,100.0,100.0,100.0,100.0,201728.0,231312.0,6.0
202122.0,6.675204311,3.9851862510733574E-7,202122.0,99.8,85.6156501726121,66.66666666666666,75.0,202122.0,231312.0,6.0
202516.0,6.691050277,3.994668569007046E-7,202516.0,99.8,85.6156501726121,66.66666666666666,75.0,202516.0,231312.0,6.0
202910.0,6.707094509,4.004269530464736E-7,202910.0,100.0,100.0,100.0,100.0,202910.0,231312.0,6.0
203304.0,6.719643428,4.011778876356435E-7,203304.0,100.0,100.0,100.0,100.0,203304.0,231312.0,6.0
203698.0,6.73077735,4.0184414798387907E-7,203698.0,100.0,100.0,100.0,100.0,203698.0,231312.0,6.0
204092.0,6.741817011,4.025047676992195E-7,204092.0,100.0,?,?,?,204092.0,231312.0,6.0
204486.0,6.752735201,4.031581185194877E-7,204486.0,99.7,85.56581986143188,-50.0,75.0,204486.0,231312.0,6.0
204880.0,6.763681633,4.038131593574114E-7,204880.0,99.7,85.56581986143188,-50.0,75.0,204880.0,231312.0,6.0
205274.0,6.774855265,4.0448179597507196E-7,205274.0,99.7,85.56581986143188,-50.0,75.0,205274.0,231312.0,6.0
205668.0,6.785617215,4.051257973031479E-7,205668.0,100.0,?,?,?,205668.0,231312.0,6.0
206062.0,6.796687485,4.0578824867879625E-7,206062.0,100.0,?,?,?,206062.0,231312.0,6.0
206456.0,6.807804774,4.0645351369866753E-7,206456.0,100.0,?,?,?,206456.0,231312.0,6.0
206850.0,6.819174004,4.071338550140612E-7,206850.0,100.0,?,?,?,206850.0,231312.0,6.0
207244.0,6.830776405,4.0782814941729383E-7,207244.0,99.7,76.77299473521218,25.0,57.14285714285714,207244.0,231312.0,6.0
207638.0,6.843156017,4.0856895257741486E-7,207638.0,99.7,76.77299473521218,25.0,57.14285714285714,207638.0,231312.0,6.0
208032.0,6.855486783,4.0930683276457365E-7,208032.0,99.9,66.62216288384631,50.0,50.0,208032.0,231312.0,6.0
208426.0,6.867735734,4.1003981709469385E-7,208426.0,100.0,?,?,?,208426.0,231312.0,6.0
208820.0,6.879949801,4.1077071394602734E-7,208820.0,100.0,?,?,?,208820.0,231312.0,6.0
209214.0,6.89233827,4.115120471141639E-7,209214.0,100.0,?,?,?,209214.0,231312.0,6.0
209608.0,6.904710443,4.1225240512021165E-7,209608.0,100.0,100.0,100.0,100.0,209608.0,231312.0,6.0
210002.0,6.916948604,4.129847437704755E-7,210002.0,99.8,85.6156501726121,66.66666666666666,75.0,210002.0,231312.0,6.0
210396.0,6.929111902,4.137126025754117E-7,210396.0,99.8,85.6156501726121,66.66666666666666,75.0,210396.0,231312.0,6.0
210790.0,6.941475733,4.144524613913425E-7,210790.0,100.0,?,?,?,210790.0,231312.0,6.0
211184.0,6.953948276,4.151988255963875E-7,211184.0,100.0,?,?,?,211184.0,231312.0,6.0
211578.0,6.966238179,4.159342605179328E-7,211578.0,100.0,?,?,?,211578.0,231312.0,6.0
211972.0,6.978526515,4.166696016692895E-7,211972.0,100.0,?,?,?,211972.0,231312.0,6.0
212366.0,6.990959512,4.1741359941876463E-7,212366.0,99.8,85.6156501726121,75.0,75.0,212366.0,231312.0,6.0
212760.0,7.003150688,4.1814312645938527E-7,212760.0,99.8,85.6156501726121,75.0,75.0,212760.0,231312.0,6.0
213154.0,7.015556558,4.1888550091345144E-7,213154.0,99.8,85.6156501726121,75.0,75.0,213154.0,231312.0,6.0
213548.0,7.028056912,4.1963352934486205E-7,213548.0,100.0,?,?,?,213548.0,231312.0,6.0
213942.0,7.040499736,4.2037811514771514E-7,213942.0,100.0,?,?,?,213942.0,231312.0,6.0
214336.0,7.052985102,4.2112524668851526E-7,214336.0,100.0,?,?,?,214336.0,231312.0,6.0
214730.0,7.065406377,4.2186854298671367E-7,214730.0,100.0,?,?,?,214730.0,231312.0,6.0
215124.0,7.077772434,4.2260853500777516E-7,215124.0,99.8,85.6156501726121,75.0,75.0,215124.0,231312.0,6.0
215518.0,7.090120807,4.2334746880802297E-7,215518.0,99.8,85.6156501726121,75.0,75.0,215518.0,231312.0,6.0
215912.0,7.102599607,4.2409420743557594E-7,215912.0,100.0,?,?,?,215912.0,231312.0,6.0
216306.0,7.115151424,4.248453154427462E-7,216306.0,100.0,100.0,100.0,100.0,216306.0,231312.0,6.0
216700.0,7.12784885,4.2560513677690454E-7,216700.0,100.0,100.0,100.0,100.0,216700.0,231312.0,6.0
217094.0,7.140338977,4.2635255321870523E-7,217094.0,100.0,100.0,100.0,100.0,217094.0,231312.0,6.0
217488.0,7.152735251,4.2709435344256737E-7,217488.0,100.0,?,?,?,217488.0,231312.0,6.0
217882.0,7.165131456,4.278361495374295E-7,217882.0,99.8,83.2355406538139,50.0,71.42857142857143,217882.0,231312.0,6.0
218276.0,7.177669599,4.2858643928451117E-7,218276.0,99.8,83.2355406538139,50.0,71.42857142857143,218276.0,231312.0,6.0
218670.0,7.189869808,4.293165068650894E-7,218670.0,100.0,?,?,?,218670.0,231312.0,6.0
219064.0,7.20241764,4.30067376407549E-7,219064.0,100.0,?,?,?,219064.0,231312.0,6.0
219458.0,7.214613452,4.3079718086909774E-7,219458.0,100.0,?,?,?,219458.0,231312.0,6.0
219852.0,7.226744248,4.315230947355084E-7,219852.0,100.0,?,?,?,219852.0,231312.0,6.0
220246.0,7.239104705,4.3226275164932287E-7,220246.0,99.8,85.6156501726121,75.0,75.0,220246.0,231312.0,6.0
220640.0,7.251389714,4.3299789371107045E-7,220640.0,99.8,85.6156501726121,75.0,75.0,220640.0,231312.0,6.0
221034.0,7.263791418,4.3374001886928104E-7,221034.0,99.8,85.6156501726121,75.0,75.0,221034.0,231312.0,6.0
221428.0,7.276022479,4.344719326514281E-7,221428.0,100.0,?,?,?,221428.0,231312.0,6.0
221822.0,7.288484239,4.3521765159550085E-7,221822.0,100.0,?,?,?,221822.0,231312.0,6.0
222216.0,7.300705016,4.3594894997712496E-7,222216.0,100.0,?,?,?,222216.0,231312.0,6.0
222610.0,7.312752047,4.3666985129736637E-7,222610.0,100.0,?,?,?,222610.0,231312.0,6.0
223004.0,7.325211962,4.374154598355693E-7,223004.0,99.8,85.6156501726121,50.0,75.0,223004.0,231312.0,6.0
223398.0,7.33736549,4.381427339980406E-7,223398.0,99.8,85.6156501726121,50.0,75.0,223398.0,231312.0,6.0
223792.0,7.34973352,4.388828440845661E-7,223792.0,99.8,85.6156501726121,50.0,75.0,223792.0,231312.0,6.0
224186.0,7.362159271,4.396264082291998E-7,224186.0,99.9,0.0,-Infinity,-Infinity,224186.0,231312.0,6.0
224580.0,7.374349192,4.4035586016989276E-7,224580.0,99.9,0.0,-Infinity,-Infinity,224580.0,231312.0,6.0
224974.0,7.386704597,4.410952147690979E-7,224974.0,99.9,0.0,-Infinity,-Infinity,224974.0,231312.0,6.0
225368.0,7.399105259,4.418372775734243E-7,225368.0,100.0,?,?,?,225368.0,231312.0,6.0
225762.0,7.411492101,4.4257851338093755E-7,225762.0,99.8,85.6156501726121,75.0,75.0,225762.0,231312.0,6.0
226156.0,7.423717933,4.433101142566927E-7,226156.0,99.8,85.6156501726121,75.0,75.0,226156.0,231312.0,6.0
226550.0,7.436058903,4.4404860505712806E-7,226550.0,100.0,100.0,100.0,100.0,226550.0,231312.0,6.0
226944.0,7.448331163,4.4478298421132346E-7,226944.0,100.0,100.0,100.0,100.0,226944.0,231312.0,6.0
227338.0,7.460609389,4.4551772037441807E-7,227338.0,100.0,100.0,100.0,100.0,227338.0,231312.0,6.0
227732.0,7.47299151,4.462586736745539E-7,227732.0,100.0,?,?,?,227732.0,231312.0,6.0
228126.0,7.48540482,4.4700149334253396E-7,228126.0,99.9,90.85923217550278,80.0,83.33333333333334,228126.0,231312.0,6.0
228520.0,7.497894726,4.477488965595665E-7,228520.0,99.8,83.2355406538139,66.66666666666666,71.42857142857143,228520.0,231312.0,6.0
228914.0,7.510016933,4.48474296455237E-7,228914.0,99.8,83.2355406538139,66.66666666666666,71.42857142857143,228914.0,231312.0,6.0
229308.0,7.522315954,4.4921027700318917E-7,229308.0,100.0,?,?,?,229308.0,231312.0,6.0
229702.0,7.534582434,4.4994431027883317E-7,229702.0,100.0,?,?,?,229702.0,231312.0,6.0
230096.0,7.546900776,4.5068144700662816E-7,230096.0,100.0,?,?,?,230096.0,231312.0,6.0
230490.0,7.559043744,4.514080892525765E-7,230490.0,100.0,?,?,?,230490.0,231312.0,6.0
230884.0,7.571490653,4.521529195041982E-7,230884.0,99.8,85.6156501726121,66.66666666666666,75.0,230884.0,231312.0,6.0
231278.0,7.583744287,4.528861840677537E-7,231278.0,99.8,85.6156501726121,66.66666666666666,75.0,231278.0,231312.0,6.0
231672.0,7.595996914,4.536193883718453E-7,231672.0,99.8,85.6156501726121,66.66666666666666,75.0,231672.0,231312.0,6.0
232066.0,7.608237478,4.5435187081902246E-7,232066.0,100.0,?,?,?,232066.0,231312.0,6.0
232460.0,7.620564254,4.5508951224226774E-7,232460.0,100.0,?,?,?,232460.0,231312.0,6.0
232854.0,7.63274023,4.55818129706075E-7,232854.0,100.0,?,?,?,232854.0,231312.0,6.0
233248.0,7.644978909,4.5655049935375924E-7,233248.0,100.0,?,?,?,233248.0,231312.0,6.0
233642.0,7.657400608,4.572938210243635E-7,233642.0,99.8,85.6156501726121,75.0,75.0,233642.0,231312.0,6.0
234036.0,7.669657851,4.580273015525716E-7,234036.0,99.8,85.6156501726121,75.0,75.0,234036.0,231312.0,6.0
234430.0,7.681957047,4.5876329257262523E-7,234430.0,100.0,100.0,100.0,100.0,234430.0,231312.0,6.0
234824.0,7.694332313,4.5950383566558636E-7,234824.0,100.0,?,?,?,234824.0,231312.0,6.0
235218.0,7.706718503,4.602450324570415E-7,235218.0,100.0,?,?,?,235218.0,231312.0,6.0
235612.0,7.719323135,4.6099930094443534E-7,235612.0,100.0,?,?,?,235612.0,231312.0,6.0
236006.0,7.731836578,4.617481126291953E-7,236006.0,100.0,100.0,100.0,100.0,236006.0,231312.0,6.0
236400.0,7.744174276,4.624864076312534E-7,236400.0,99.8,85.6156501726121,50.0,75.0,236400.0,231312.0,6.0
236794.0,7.756456118,4.632213601778847E-7,236794.0,99.8,85.6156501726121,50.0,75.0,236794.0,231312.0,6.0
237188.0,7.768829518,4.6396179160832383E-7,237188.0,100.0,?,?,?,237188.0,231312.0,6.0
237582.0,7.781247287,4.6470487810544934E-7,237582.0,100.0,?,?,?,237582.0,231312.0,6.0
237976.0,7.793586915,4.6544328859982657E-7,237976.0,100.0,?,?,?,237976.0,231312.0,6.0
238370.0,7.805699258,4.6616809822801765E-7,238370.0,100.0,?,?,?,238370.0,231312.0,6.0
238764.0,7.817847907,4.6689508042829996E-7,238764.0,99.8,85.6156501726121,66.66666666666666,75.0,238764.0,231312.0,6.0
239158.0,7.8300904,4.676276783079556E-7,239158.0,99.8,85.6156501726121,66.66666666666666,75.0,239158.0,231312.0,6.0
239552.0,7.842319815,4.683594935925083E-7,239552.0,99.8,83.2355406538139,50.0,71.42857142857143,239552.0,231312.0,6.0
239946.0,7.854759736,4.6910390567815815E-7,239946.0,100.0,?,?,?,239946.0,231312.0,6.0
240340.0,7.867404545,4.6986057838052773E-7,240340.0,100.0,100.0,100.0,100.0,240340.0,231312.0,6.0
240734.0,7.880064165,4.7061813738172517E-7,240734.0,100.0,100.0,100.0,100.0,240734.0,231312.0,6.0
241128.0,7.892428722,4.713580396419169E-7,241128.0,100.0,100.0,100.0,100.0,241128.0,231312.0,6.0
241522.0,7.904382538,4.7207336292250966E-7,241522.0,99.7,76.78018575851378,62.5,62.5,241522.0,231312.0,6.0
241916.0,7.916555113,4.7280177686850495E-7,241916.0,99.7,76.78018575851378,62.5,62.5,241916.0,231312.0,6.0
242310.0,7.928783142,4.73533509214014E-7,242310.0,99.7,76.78018575851378,62.5,62.5,242310.0,231312.0,6.0
242704.0,7.941032718,4.7426653094449657E-7,242704.0,100.0,?,?,?,242704.0,231312.0,6.0
243098.0,7.953340694,4.7500304736484107E-7,243098.0,100.0,?,?,?,243098.0,231312.0,6.0
243492.0,7.96545709,4.757280995269022E-7,243492.0,100.0,?,?,?,243492.0,231312.0,6.0
243886.0,7.977728056,4.764624012473873E-7,243886.0,99.8,83.2355406538139,75.0,71.42857142857143,243886.0,231312.0,6.0
244280.0,7.990028691,4.771984783780353E-7,244280.0,99.7,79.8549556809025,75.0,66.66666666666666,244280.0,231312.0,6.0
244674.0,8.002237587,4.779290657937305E-7,244674.0,99.7,79.8549556809025,75.0,66.66666666666666,244674.0,231312.0,6.0
245068.0,8.014346102,4.786536463521821E-7,245068.0,100.0,?,?,?,245068.0,231312.0,6.0
245462.0,8.026625419,4.793884478013493E-7,245462.0,100.0,?,?,?,245462.0,231312.0,6.0
245856.0,8.038854774,4.801202594954672E-7,245856.0,100.0,100.0,100.0,100.0,245856.0,231312.0,6.0
246250.0,8.051109903,4.808536135206896E-7,246250.0,100.0,100.0,100.0,100.0,246250.0,231312.0,6.0
246644.0,8.06313047,4.815729312198264E-7,246644.0,99.8,85.6156501726121,66.66666666666666,75.0,246644.0,231312.0,6.0
247038.0,8.075413691,4.823079662866172E-7,247038.0,99.8,83.2355406538139,50.0,71.42857142857143,247038.0,231312.0,6.0
247432.0,8.087625012,4.830386988157185E-7,247432.0,99.8,85.6156501726121,66.66666666666666,75.0,247432.0,231312.0,6.0
247826.0,8.099859917,4.837708426250544E-7,247826.0,100.0,100.0,100.0,100.0,247826.0,231312.0,6.0
248220.0,8.112067843,4.845013719953872E-7,248220.0,100.0,100.0,100.0,100.0,248220.0,231312.0,6.0
248614.0,8.124232978,4.852293407274686E-7,248614.0,100.0,?,?,?,248614.0,231312.0,6.0
249008.0,8.136547565,4.859662527538863E-7,249008.0,100.0,?,?,?,249008.0,231312.0,6.0
249402.0,8.148695438,4.866931885178787E-7,249402.0,99.8,83.2355406538139,50.0,71.42857142857143,249402.0,231312.0,6.0
249796.0,8.160898005,4.874233972025442E-7,249796.0,99.7,76.77299473521218,25.0,57.14285714285714,249796.0,231312.0,6.0
250190.0,8.173120402,4.881547925259076E-7,250190.0,99.8,49.899799599198296,50.0,0.0,250190.0,231312.0,6.0
250584.0,8.185539966,4.888979864368739E-7,250584.0,99.9,66.62216288384631,50.0,0.0,250584.0,231312.0,6.0
250978.0,8.197666786,4.896236623771391E-7,250978.0,100.0,?,?,?,250978.0,231312.0,6.0
251372.0,8.20984493,4.903524095753235E-7,251372.0,100.0,?,?,?,251372.0,231312.0,6.0
251766.0,8.22199524,4.910794911708088E-7,251766.0,99.9,88.83928571428567,50.0,80.0,251766.0,231312.0,6.0
252160.0,8.234360296,4.918194232914499E-7,252160.0,99.8,83.2355406538139,50.0,71.42857142857143,252160.0,231312.0,6.0
252554.0,8.246592831,4.925514252786116E-7,252554.0,99.8,83.2355406538139,50.0,71.42857142857143,252554.0,231312.0,6.0
252948.0,8.258888239,4.932871896225489E-7,252948.0,100.0,?,?,?,252948.0,231312.0,6.0
253342.0,8.27105838,4.940154579165729E-7,253342.0,100.0,?,?,?,253342.0,231312.0,6.0
253736.0,8.283423483,4.947553928497212E-7,253736.0,100.0,?,?,?,253736.0,231312.0,6.0
254130.0,8.295556058,4.954814131725233E-7,254130.0,100.0,?,?,?,254130.0,231312.0,6.0
254524.0,8.307901955,4.962201988074955E-7,254524.0,99.8,88.78923766816146,80.0,80.0,254524.0,231312.0,6.0
254918.0,8.320136423,4.96952316466498E-7,254918.0,99.8,88.78923766816146,80.0,80.0,254918.0,231312.0,6.0
255312.0,8.332480796,4.976910109044265E-7,255312.0,99.8,87.40078115156855,75.0,77.77777777777779,255312.0,231312.0,6.0
255706.0,8.344776835,4.984268130077697E-7,255706.0,100.0,?,?,?,255706.0,231312.0,6.0
256100.0,8.357047633,4.991611046750374E-7,256100.0,100.0,?,?,?,256100.0,231312.0,6.0
256494.0,8.369232067,4.998902282704688E-7,256494.0,100.0,?,?,?,256494.0,231312.0,6.0
256888.0,8.381788666,5.006416224352918E-7,256888.0,100.0,?,?,?,256888.0,231312.0,6.0
257282.0,8.39399028,5.013717740918847E-7,257282.0,99.8,85.6156501726121,50.0,75.0,257282.0,231312.0,6.0
257676.0,8.406380878,5.021132346606158E-7,257676.0,99.8,85.6156501726121,50.0,75.0,257676.0,231312.0,6.0
258070.0,8.418704856,5.028507086499186E-7,258070.0,100.0,?,?,?,258070.0,231312.0,6.0
258464.0,8.430745503,5.035712279478984E-7,258464.0,100.0,?,?,?,258464.0,231312.0,6.0
258858.0,8.441749987,5.042297426511623E-7,258858.0,100.0,?,?,?,258858.0,231312.0,6.0
259252.0,8.45298557,5.049020864525837E-7,259252.0,100.0,?,?,?,259252.0,231312.0,6.0
259646.0,8.464022494,5.055625423842571E-7,259646.0,99.8,83.2355406538139,50.0,71.42857142857143,259646.0,231312.0,6.0
260040.0,8.475150532,5.062284506305209E-7,260040.0,99.8,85.6156501726121,66.66666666666666,75.0,260040.0,231312.0,6.0
260434.0,8.486174721,5.068881444924103E-7,260434.0,99.8,85.6156501726121,66.66666666666666,75.0,260434.0,231312.0,6.0
260828.0,8.497228511,5.075496096953031E-7,260828.0,100.0,?,?,?,260828.0,231312.0,6.0
261222.0,8.508083714,5.081991913369697E-7,261222.0,100.0,?,?,?,261222.0,231312.0,6.0
261616.0,8.519087962,5.088576919178567E-7,261616.0,100.0,?,?,?,261616.0,231312.0,6.0
262010.0,8.530085062,5.095157647582791E-7,262010.0,100.0,?,?,?,262010.0,231312.0,6.0
262404.0,8.541122215,5.101762343934453E-7,262404.0,99.8,85.6156501726121,75.0,75.0,262404.0,231312.0,6.0
262798.0,8.552292429,5.10844666476004E-7,262798.0,99.8,85.6156501726121,75.0,75.0,262798.0,231312.0,6.0
263192.0,8.563370378,5.115075773674649E-7,263192.0,99.8,85.6156501726121,75.0,75.0,263192.0,231312.0,6.0
263586.0,8.574221045,5.121568875722613E-7,263586.0,100.0,?,?,?,263586.0,231312.0,6.0
263980.0,8.585298531,5.128197707575338E-7,263980.0,100.0,?,?,?,263980.0,231312.0,6.0
264374.0,8.596434013,5.134861244570739E-7,264374.0,100.0,?,?,?,264374.0,231312.0,6.0
264768.0,8.607777846,5.141649460012616E-7,264768.0,100.0,?,?,?,264768.0,231312.0,6.0
265162.0,8.61898015,5.14835298368027E-7,265162.0,99.8,85.6156501726121,66.66666666666666,75.0,265162.0,231312.0,6.0
265556.0,8.629924589,5.15490219943675E-7,265556.0,99.8,85.6156501726121,66.66666666666666,75.0,265556.0,231312.0,6.0
265950.0,8.641042203,5.161555044117348E-7,265950.0,100.0,?,?,?,265950.0,231312.0,6.0
266344.0,8.652113315,5.168180061731514E-7,266344.0,100.0,?,?,?,266344.0,231312.0,6.0
266738.0,8.663325302,5.174889379762512E-7,266738.0,100.0,?,?,?,266738.0,231312.0,6.0
267132.0,8.674584159,5.181626745073275E-7,267132.0,100.0,?,?,?,267132.0,231312.0,6.0
267526.0,8.685597249,5.188217041986214E-7,267526.0,100.0,100.0,100.0,100.0,267526.0,231312.0,6.0
267920.0,8.698137763,5.195748350353482E-7,267920.0,99.8,85.6156501726121,80.0,75.0,267920.0,232144.0,7.0
268314.0,8.709362668,5.202489558963297E-7,268314.0,99.8,85.6156501726121,80.0,75.0,268314.0,232144.0,7.0
268708.0,8.720561211,5.209214935658154E-7,268708.0,100.0,?,?,?,268708.0,232144.0,7.0
269102.0,8.731659536,5.215880125612502E-7,269102.0,100.0,?,?,?,269102.0,232144.0,7.0
269496.0,8.742765974,5.222550187895432E-7,269496.0,100.0,?,?,?,269496.0,232144.0,7.0
269890.0,8.753839887,5.22920071702329E-7,269890.0,100.0,?,?,?,269890.0,232144.0,7.0
270284.0,8.765108645,5.235968261911333E-7,270284.0,99.8,85.6156501726121,66.66666666666666,75.0,270284.0,232144.0,7.0
270678.0,8.776154701,5.242602061289741E-7,270678.0,99.8,85.6156501726121,66.66666666666666,75.0,270678.0,232144.0,7.0
271072.0,8.787462447,5.249393020740426E-7,271072.0,99.8,87.40078115156855,75.0,77.77777777777779,271072.0,232144.0,7.0
271466.0,8.7987048,5.256144707889509E-7,271466.0,100.0,100.0,100.0,100.0,271466.0,232144.0,7.0
271860.0,8.809995527,5.262925446440389E-7,271860.0,100.0,100.0,100.0,100.0,271860.0,232144.0,7.0
272254.0,8.821310385,5.269720677060909E-7,272254.0,100.0,?,?,?,272254.0,232144.0,7.0
272648.0,8.832437002,5.276402858007519E-7,272648.0,100.0,?,?,?,272648.0,232144.0,7.0
273042.0,8.843517512,5.283057349017744E-7,273042.0,99.6,71.24370956146673,33.33333333333333,55.55555555555556,273042.0,232144.0,7.0
273436.0,8.854863122,5.289871048003668E-7,273436.0,99.6,71.24370956146673,33.33333333333333,55.55555555555556,273436.0,232144.0,7.0
273830.0,8.866150444,5.296649741653916E-7,273830.0,100.0,?,?,?,273830.0,232144.0,7.0
274224.0,8.877225298,5.303300835907029E-7,274224.0,100.0,?,?,?,274224.0,232144.0,7.0
274618.0,8.888621116,5.310144687718468E-7,274618.0,100.0,?,?,?,274618.0,232144.0,7.0
275012.0,8.899784394,5.316848885728816E-7,275012.0,100.0,?,?,?,275012.0,232144.0,7.0
275406.0,8.910779087,5.323451838637002E-7,275406.0,99.8,85.6156501726121,66.66666666666666,75.0,275406.0,232144.0,7.0
275800.0,8.922388942,5.330424232121375E-7,275800.0,99.8,85.6156501726121,66.66666666666666,75.0,275800.0,232144.0,7.0
276194.0,8.933438711,5.337060261372335E-7,276194.0,99.8,87.40078115156855,75.0,77.77777777777779,276194.0,232144.0,7.0
276588.0,8.944640258,5.34378744214399E-7,276588.0,100.0,100.0,100.0,100.0,276588.0,232144.0,7.0
276982.0,8.955942233,5.350574935773371E-7,276982.0,100.0,100.0,100.0,100.0,276982.0,232144.0,7.0
277376.0,8.967110568,5.357282170806477E-7,277376.0,100.0,?,?,?,277376.0,232144.0,7.0
277770.0,8.978469525,5.36410388544254E-7,277770.0,100.0,?,?,?,277770.0,232144.0,7.0
278164.0,8.989768934,5.37088983803961E-7,278164.0,99.6,71.2313003452242,-100.0,50.0,278164.0,232144.0,7.0
278558.0,9.001101677,5.377695809643327E-7,278558.0,99.6,71.2313003452242,-100.0,50.0,278558.0,232144.0,7.0
278952.0,9.012290877,5.38441557532303E-7,278952.0,99.6,71.2313003452242,-100.0,50.0,278952.0,232144.0,7.0
279346.0,9.02344255,5.391112803855604E-7,279346.0,100.0,?,?,?,279346.0,232144.0,7.0
279740.0,9.034604522,5.397816217536959E-7,279740.0,100.0,?,?,?,279740.0,232144.0,7.0
280134.0,9.045789635,5.404533528735347E-7,280134.0,100.0,?,?,?,280134.0,232144.0,7.0
280528.0,9.057199281,5.411385685065413E-7,280528.0,100.0,100.0,100.0,100.0,280528.0,232144.0,7.0
280922.0,9.0684585,5.418147501228898E-7,280922.0,99.8,85.6156501726121,75.0,75.0,280922.0,232144.0,7.0
281316.0,9.079588255,5.424831566727103E-7,281316.0,99.8,83.2355406538139,66.66666666666666,71.42857142857143,281316.0,232144.0,7.0
281710.0,9.090860116,5.431600975147204E-7,281710.0,100.0,100.0,100.0,100.0,281710.0,232144.0,7.0
282104.0,9.102052941,5.43832291785034E-7,282104.0,100.0,100.0,100.0,100.0,282104.0,232144.0,7.0
282498.0,9.113361391,5.44511430009399E-7,282498.0,100.0,?,?,?,282498.0,232144.0,7.0
282892.0,9.124532679,5.451823308575427E-7,282892.0,100.0,?,?,?,282892.0,232144.0,7.0
283286.0,9.135770344,5.458572180307722E-7,283286.0,99.8,79.90353697749187,0.0,66.66666666666666,283286.0,232144.0,7.0
283680.0,9.147151173,5.465407030352478E-7,283680.0,99.8,83.2355406538139,50.0,71.42857142857143,283680.0,232144.0,7.0
284074.0,9.158844145,5.472429340431782E-7,284074.0,99.7,76.77299473521218,25.0,57.14285714285714,284074.0,232144.0,7.0
284468.0,9.171187224,5.479842077593158E-7,284468.0,99.9,0.0,-Infinity,-Infinity,284468.0,232144.0,7.0
284862.0,9.183508825,5.487241915965768E-7,284862.0,99.9,0.0,-Infinity,-Infinity,284862.0,232144.0,7.0
285256.0,9.196010721,5.494750031976924E-7,285256.0,100.0,?,?,?,285256.0,232144.0,7.0
285650.0,9.208517606,5.50226114417288E-7,285650.0,100.0,100.0,100.0,100.0,285650.0,232144.0,7.0
286044.0,9.221112676,5.509825216592666E-7,286044.0,99.8,85.6156501726121,80.0,75.0,286044.0,232144.0,7.0
286438.0,9.233675645,5.517370010494051E-7,286438.0,99.8,85.6156501726121,80.0,75.0,286438.0,232144.0,7.0
286832.0,9.246293508,5.524947771436621E-7,286832.0,100.0,?,?,?,286832.0,232144.0,7.0
287226.0,9.25880781,5.53246333797266E-7,287226.0,100.0,?,?,?,287226.0,232144.0,7.0
287620.0,9.271269543,5.539947333765302E-7,287620.0,100.0,?,?,?,287620.0,232144.0,7.0
288014.0,9.283836783,5.54749469265071E-7,288014.0,100.0,?,?,?,288014.0,232144.0,7.0
288408.0,9.296545104,5.555126778885871E-7,288408.0,100.0,100.0,100.0,100.0,288408.0,232144.0,7.0
288802.0,9.309046247,5.562634442676711E-7,288802.0,99.8,85.6156501726121,75.0,75.0,288802.0,232144.0,7.0
289196.0,9.321570927,5.570156241805628E-7,289196.0,99.8,85.6156501726121,75.0,75.0,289196.0,232144.0,7.0
289590.0,9.334105143,5.577683767857427E-7,289590.0,100.0,?,?,?,289590.0,232144.0,7.0
289984.0,9.346843826,5.585334088240298E-7,289984.0,100.0,?,?,?,289984.0,232144.0,7.0
290378.0,9.359246499,5.592782615066344E-7,290378.0,100.0,?,?,?,290378.0,232144.0,7.0
290772.0,9.371848144,5.600350636156218E-7,290772.0,100.0,?,?,?,290772.0,232144.0,7.0
291166.0,9.384552754,5.607980493719942E-7,291166.0,99.8,85.6156501726121,75.0,75.0,291166.0,232144.0,7.0
291560.0,9.397558389,5.615791134312277E-7,291560.0,99.8,85.6156501726121,75.0,75.0,291560.0,232144.0,7.0
291954.0,9.410099744,5.623322947748983E-7,291954.0,99.8,85.6156501726121,75.0,75.0,291954.0,232144.0,7.0
292348.0,9.422928052,5.631027093159475E-7,292348.0,100.0,?,?,?,292348.0,232144.0,7.0
292742.0,9.435414041,5.638525656091531E-7,292742.0,100.0,?,?,?,292742.0,232144.0,7.0
293136.0,9.447789635,5.645957920402397E-7,293136.0,100.0,100.0,100.0,100.0,293136.0,232144.0,7.0
293530.0,9.460420702,5.653543611115285E-7,293530.0,100.0,100.0,100.0,100.0,293530.0,232144.0,7.0
293924.0,9.473157815,5.661192988621801E-7,293924.0,99.8,83.2355406538139,50.0,71.42857142857143,293924.0,232144.0,7.0
294318.0,9.485720037,5.66873733390622E-7,294318.0,99.8,83.2355406538139,50.0,71.42857142857143,294318.0,232144.0,7.0
294712.0,9.498241155,5.67625699384687E-7,294712.0,99.8,79.90353697749187,33.33333333333333,66.66666666666666,294712.0,232144.0,7.0
295106.0,9.510934179,5.683879893343425E-7,295106.0,100.0,?,?,?,295106.0,232144.0,7.0
295500.0,9.523487249,5.691418742319306E-7,295500.0,100.0,?,?,?,295500.0,232144.0,7.0
295894.0,9.536198443,5.699052553958141E-7,295894.0,100.0,?,?,?,295894.0,232144.0,7.0
296288.0,9.548933838,5.706700899705689E-7,296288.0,100.0,?,?,?,296288.0,232144.0,7.0
296682.0,9.561409542,5.714193285896779E-7,296682.0,99.8,87.40078115156855,75.0,77.77777777777779,296682.0,232144.0,7.0
297076.0,9.573940281,5.721718723807759E-7,297076.0,99.8,87.40078115156855,75.0,77.77777777777779,297076.0,232144.0,7.0
297470.0,9.586372478,5.729184981513753E-7,297470.0,100.0,?,?,?,297470.0,232144.0,7.0
297864.0,9.598739989,5.736612391512784E-7,297864.0,100.0,100.0,100.0,100.0,297864.0,232144.0,7.0
298258.0,9.611290688,5.7441498165652E-7,298258.0,100.0,100.0,100.0,100.0,298258.0,232144.0,7.0
298652.0,9.623849462,5.751692091124986E-7,298652.0,100.0,?,?,?,298652.0,232144.0,7.0
299046.0,9.636498549,5.759288603896425E-7,299046.0,100.0,?,?,?,299046.0,232144.0,7.0
299440.0,9.649282883,5.766966340361147E-7,299440.0,100.0,?,?,?,299440.0,232144.0,7.0
299834.0,9.661901846,5.774544761917724E-7,299834.0,100.0,?,?,?,299834.0,232144.0,7.0
300228.0,9.674538792,5.7821339833122E-7,300228.0,100.0,?,?,?,300228.0,232144.0,7.0
300622.0,9.687112802,5.789685407976542E-7,300622.0,100.0,?,?,?,300622.0,232144.0,7.0
301016.0,9.699511481,5.797131536173183E-7,301016.0,100.0,?,?,?,301016.0,232144.0,7.0
301410.0,9.711978565,5.804618745552691E-7,301410.0,100.0,?,?,?,301410.0,232144.0,7.0
301804.0,9.7254788,5.812755479995063E-7,301804.0,99.8,83.2355406538139,66.66666666666666,71.42857142857143,301804.0,232976.0,8.0
302198.0,9.738186723,5.820414679613817E-7,302198.0,99.8,83.2355406538139,66.66666666666666,71.42857142857143,302198.0,232976.0,8.0
302592.0,9.750748896,5.827986034165803E-7,302592.0,99.8,83.2355406538139,66.66666666666666,71.42857142857143,302592.0,232976.0,8.0
302986.0,9.763353266,5.835582821296057E-7,302986.0,100.0,?,?,?,302986.0,232976.0,8.0
303380.0,9.776020834,5.84321769852943E-7,303380.0,100.0,100.0,100.0,100.0,303380.0,232976.0,8.0
303774.0,9.78870378,5.850861844246073E-7,303774.0,100.0,100.0,100.0,100.0,303774.0,232976.0,8.0
304168.0,9.80127824,5.858440604302933E-7,304168.0,100.0,?,?,?,304168.0,232976.0,8.0
304562.0,9.813714341,5.865935973926907E-7,304562.0,99.8,89.90001009998994,50.0,81.81818181818183,304562.0,232976.0,8.0
304956.0,9.826178768,5.873448415930718E-7,304956.0,99.8,89.90001009998994,50.0,81.81818181818183,304956.0,232976.0,8.0
305350.0,9.838753529,5.881027357403462E-7,305350.0,100.0,100.0,100.0,100.0,305350.0,232976.0,8.0
305744.0,9.851498176,5.88870869096549E-7,305744.0,100.0,?,?,?,305744.0,232976.0,8.0
306138.0,9.864258628,5.896399550368207E-7,306138.0,100.0,?,?,?,306138.0,232976.0,8.0
306532.0,9.877017856,5.904089672053175E-7,306532.0,100.0,?,?,?,306532.0,232976.0,8.0
306926.0,9.889109115,5.91137720175595E-7,306926.0,100.0,?,?,?,306926.0,232976.0,8.0
307320.0,9.900459193,5.91821801382968E-7,307320.0,99.8,83.2355406538139,50.0,71.42857142857143,307320.0,232976.0,8.0
307714.0,9.911735518,5.925014374190139E-7,307714.0,99.8,83.2355406538139,50.0,71.42857142857143,307714.0,232976.0,8.0
308108.0,9.923001415,5.931804449484688E-7,308108.0,100.0,?,?,?,308108.0,232976.0,8.0
308502.0,9.934160629,5.938530225806626E-7,308502.0,100.0,100.0,100.0,100.0,308502.0,232976.0,8.0
308896.0,9.945772145,5.945528609328493E-7,308896.0,100.0,100.0,100.0,100.0,308896.0,232976.0,8.0
309290.0,9.95725444,5.952449109986739E-7,309290.0,100.0,?,?,?,309290.0,232976.0,8.0
309684.0,9.968638353,5.959310314772882E-7,309684.0,99.7,76.77299473521218,25.0,57.14285714285714,309684.0,232976.0,8.0
310078.0,9.979927954,5.966114676718977E-7,310078.0,99.7,79.84954325631396,50.0,62.5,310078.0,232976.0,8.0
310472.0,9.991246594,5.972936540777551E-7,310472.0,99.7,79.84954325631396,50.0,62.5,310472.0,232976.0,8.0
310866.0,10.002343629,5.979624841158449E-7,310866.0,100.0,?,?,?,310866.0,232976.0,8.0
311260.0,10.013559701,5.986384886398441E-7,311260.0,100.0,?,?,?,311260.0,232976.0,8.0
311654.0,10.024888149,5.993212661842365E-7,311654.0,100.0,?,?,?,311654.0,232976.0,8.0
312048.0,10.036198342,6.000029434804686E-7,312048.0,100.0,?,?,?,312048.0,232976.0,8.0
312442.0,10.047884461,6.007072782343818E-7,312442.0,99.8,83.2355406538139,50.0,71.42857142857143,312442.0,232976.0,8.0
312836.0,10.059297284,6.013951411492776E-7,312836.0,99.8,83.2355406538139,50.0,71.42857142857143,312836.0,232976.0,8.0
313230.0,10.070568967,6.020744974070731E-7,313230.0,99.8,85.6156501726121,66.66666666666666,75.0,313230.0,232976.0,8.0
313624.0,10.081948985,6.027603831299172E-7,313624.0,100.0,100.0,100.0,100.0,313624.0,232976.0,8.0
314018.0,10.093432198,6.034524885245728E-7,314018.0,100.0,100.0,100.0,100.0,314018.0,232976.0,8.0
314412.0,10.104924235,6.041451257510427E-7,314412.0,100.0,?,?,?,314412.0,232976.0,8.0
314806.0,10.116365566,6.048347068732548E-7,314806.0,100.0,?,?,?,314806.0,232976.0,8.0
315200.0,10.12795482,6.055332034711525E-7,315200.0,99.7,90.7567167858023,50.0,82.35294117647058,315200.0,232976.0,8.0
315594.0,10.139433678,6.062250463853513E-7,315594.0,99.7,91.27602652087936,62.5,83.33333333333334,315594.0,232976.0,8.0
315988.0,10.150930844,6.069179927420767E-7,315988.0,100.0,100.0,100.0,100.0,315988.0,232976.0,8.0
316382.0,10.162389374,6.076086104662122E-7,316382.0,100.0,?,?,?,316382.0,232976.0,8.0
316776.0,10.174261091,6.083241314079143E-7,316776.0,100.0,?,?,?,316776.0,232976.0,8.0
317170.0,10.18539664,6.089952827255247E-7,317170.0,100.0,?,?,?,317170.0,232976.0,8.0
317564.0,10.196841805,6.096850949269725E-7,317564.0,100.0,100.0,100.0,100.0,317564.0,232976.0,8.0
317958.0,10.208133804,6.103656756515786E-7,317958.0,99.8,89.90001009998994,66.66666666666666,81.81818181818183,317958.0,232976.0,8.0
318352.0,10.219350905,6.110417421944963E-7,318352.0,99.8,88.78923766816146,50.0,80.0,318352.0,232976.0,8.0
318746.0,10.230499119,6.117136568450541E-7,318746.0,100.0,?,?,?,318746.0,232976.0,8.0
319140.0,10.241536325,6.123788809260256E-7,319140.0,100.0,100.0,100.0,100.0,319140.0,232976.0,8.0
319534.0,10.252703745,6.130519531425198E-7,319534.0,99.9,66.62216288384631,75.0,50.0,319534.0,232976.0,8.0
319928.0,10.264052768,6.137359707639269E-7,319928.0,99.9,66.62216288384631,75.0,50.0,319928.0,232976.0,8.0
320322.0,10.275592564,6.144314864758471E-7,320322.0,99.8,83.2355406538139,50.0,71.42857142857143,320322.0,232976.0,8.0
320716.0,10.286960692,6.151166555758137E-7,320716.0,99.8,85.6156501726121,66.66666666666666,75.0,320716.0,232976.0,8.0
321110.0,10.298251878,6.157971873000498E-7,321110.0,99.8,85.6156501726121,66.66666666666666,75.0,321110.0,232976.0,8.0
321504.0,10.309743261,6.164897851092478E-7,321504.0,100.0,100.0,100.0,100.0,321504.0,232976.0,8.0
321898.0,10.321157082,6.171777081746594E-7,321898.0,100.0,?,?,?,321898.0,232976.0,8.0
322292.0,10.332554774,6.178646591281793E-7,322292.0,100.0,?,?,?,322292.0,232976.0,8.0
322686.0,10.343917135,6.185494806449556E-7,322686.0,100.0,?,?,?,322686.0,232976.0,8.0
323080.0,10.355208555,6.192300264726192E-7,323080.0,99.8,83.2355406538139,66.66666666666666,71.42857142857143,323080.0,232976.0,8.0
323474.0,10.36645599,6.199079212778047E-7,323474.0,99.8,83.2355406538139,66.66666666666666,71.42857142857143,323474.0,232976.0,8.0
323868.0,10.377799618,6.205916137368548E-7,323868.0,99.8,83.2355406538139,66.66666666666666,71.42857142857143,323868.0,232976.0,8.0
324262.0,10.389070355,6.212709129782296E-7,324262.0,100.0,?,?,?,324262.0,232976.0,8.0
324656.0,10.400336115,6.219499122505496E-7,324656.0,100.0,?,?,?,324656.0,232976.0,8.0
325050.0,10.411672869,6.226331904063484E-7,325050.0,100.0,100.0,100.0,100.0,325050.0,232976.0,8.0
325444.0,10.422899976,6.233098600214706E-7,325444.0,100.0,100.0,100.0,100.0,325444.0,232976.0,8.0
325838.0,10.43426274,6.239947058274831E-7,325838.0,99.8,83.2355406538139,50.0,71.42857142857143,325838.0,232976.0,8.0
326232.0,10.445493752,6.246716108010861E-7,326232.0,99.8,83.2355406538139,50.0,71.42857142857143,326232.0,232976.0,8.0
326626.0,10.457069615,6.253693003092485E-7,326626.0,99.8,79.90353697749187,33.33333333333333,66.66666666666666,326626.0,232976.0,8.0
327020.0,10.468496018,6.260579817051096E-7,327020.0,100.0,?,?,?,327020.0,232976.0,8.0
327414.0,10.47978829,6.267385788837145E-7,327414.0,100.0,100.0,100.0,100.0,327414.0,232976.0,8.0
327808.0,10.491087826,6.274196138712833E-7,327808.0,100.0,100.0,100.0,100.0,327808.0,232976.0,8.0
328202.0,10.50229151,6.280948717574182E-7,328202.0,100.0,?,?,?,328202.0,232976.0,8.0
328596.0,10.513378172,6.287630766038252E-7,328596.0,99.8,88.78923766816146,66.66666666666666,80.0,328596.0,232976.0,8.0
328990.0,10.524554912,6.294367105465783E-7,328990.0,99.8,88.78923766816146,66.66666666666666,80.0,328990.0,232976.0,8.0
329384.0,10.5359994,6.3012648194452E-7,329384.0,100.0,100.0,100.0,100.0,329384.0,232976.0,8.0
329778.0,10.54735498,6.308108947632532E-7,329778.0,100.0,100.0,100.0,100.0,329778.0,232976.0,8.0
330172.0,10.558585544,6.314877727354223E-7,330172.0,100.0,?,?,?,330172.0,232976.0,8.0
330566.0,10.569845182,6.321664030283263E-7,330566.0,100.0,?,?,?,330566.0,232976.0,8.0
330960.0,10.581214439,6.328516401743173E-7,330960.0,100.0,?,?,?,330960.0,232976.0,8.0
331354.0,10.592444567,6.335284918683051E-7,331354.0,99.6,79.80613893376417,50.0,66.66666666666666,331354.0,232976.0,8.0
331748.0,10.603637442,6.342030982845761E-7,331748.0,99.6,79.80613893376417,50.0,66.66666666666666,331748.0,232976.0,8.0
332142.0,10.614920219,6.34883123189487E-7,332142.0,100.0,100.0,100.0,100.0,332142.0,232976.0,8.0
332536.0,10.626330722,6.355708462755287E-7,332536.0,100.0,100.0,100.0,100.0,332536.0,232976.0,8.0
332930.0,10.638118341,6.362812985418104E-7,332930.0,100.0,?,?,?,332930.0,232976.0,8.0
333324.0,10.649445745,6.369640131632185E-7,333324.0,100.0,?,?,?,333324.0,232976.0,8.0
333718.0,10.660739299,6.376446876093194E-7,333718.0,99.8,83.2355406538139,0.0,71.42857142857143,333718.0,232976.0,8.0
334112.0,10.672270889,6.383397087369391E-7,334112.0,99.8,83.2355406538139,0.0,71.42857142857143,334112.0,232976.0,8.0
334506.0,10.684162831,6.390564486607855E-7,334506.0,99.8,85.6156501726121,50.0,75.0,334506.0,232976.0,8.0
334900.0,10.696968716,6.398282728960269E-7,334900.0,100.0,100.0,100.0,100.0,334900.0,232976.0,8.0
335294.0,10.709839836,6.406040289137251E-7,335294.0,100.0,?,?,?,335294.0,232976.0,8.0
335688.0,10.722485812,6.41366215264382E-7,335688.0,100.0,?,?,?,335688.0,232976.0,8.0
336082.0,10.735278944,6.421372708628231E-7,336082.0,100.0,?,?,?,336082.0,232976.0,8.0
336476.0,10.74789166,6.428974525980969E-7,336476.0,99.7,82.20640569395015,50.0,70.0,336476.0,232976.0,8.0
336870.0,10.760709158,6.436699767611328E-7,336870.0,99.7,82.20640569395015,50.0,70.0,336870.0,232976.0,8.0
337264.0,10.773393423,6.444344708303225E-7,337264.0,100.0,?,?,?,337264.0,232976.0,8.0
337658.0,10.786288933,6.452116968591208E-7,337658.0,100.0,?,?,?,337658.0,232976.0,8.0
338052.0,10.79932242,6.459972389076636E-7,338052.0,100.0,?,?,?,338052.0,232976.0,8.0
338446.0,10.811991715,6.467608307191177E-7,338446.0,100.0,?,?,?,338446.0,232976.0,8.0
338840.0,10.824842126,6.475353385834796E-7,338840.0,99.8,85.6156501726121,66.66666666666666,75.0,338840.0,232976.0,8.0
339234.0,10.837660359,6.483079070457429E-7,339234.0,99.8,85.6156501726121,66.66666666666666,75.0,339234.0,232976.0,8.0
339628.0,10.850494905,6.490814587097725E-7,339628.0,99.8,87.40078115156855,75.0,77.77777777777779,339628.0,232976.0,8.0
340022.0,10.863377282,6.498578931987685E-7,340022.0,100.0,100.0,100.0,100.0,340022.0,232976.0,8.0
340416.0,10.876151632,6.506278167862017E-7,340416.0,100.0,100.0,100.0,100.0,340416.0,232976.0,8.0
340810.0,10.888835991,6.513923165208707E-7,340810.0,100.0,?,?,?,340810.0,232976.0,8.0
341204.0,10.901589456,6.521609813472614E-7,341204.0,100.0,?,?,?,341204.0,232976.0,8.0
341598.0,10.914339236,6.52929424074804E-7,341598.0,100.0,?,?,?,341598.0,232976.0,8.0
341992.0,10.927234855,6.537066566731477E-7,341992.0,100.0,?,?,?,341992.0,232976.0,8.0
342386.0,10.940177939,6.544867500372507E-7,342386.0,100.0,?,?,?,342386.0,232976.0,8.0
342780.0,10.953164738,6.552694781506461E-7,342780.0,99.7,76.77299473521218,50.0,57.14285714285714,342780.0,232976.0,8.0
343174.0,10.965874526,6.560355105180444E-7,343174.0,99.7,76.77299473521218,50.0,57.14285714285714,343174.0,232976.0,8.0
343568.0,10.978531981,6.56798388720174E-7,343568.0,100.0,100.0,100.0,100.0,343568.0,232976.0,8.0
343962.0,10.991206366,6.575622873113124E-7,343962.0,100.0,100.0,100.0,100.0,343962.0,232976.0,8.0
344356.0,11.00399136,6.58332852423885E-7,344356.0,100.0,100.0,100.0,100.0,344356.0,232976.0,8.0
344750.0,11.016715207,6.590997321420852E-7,344750.0,100.0,?,?,?,344750.0,232976.0,8.0
345144.0,11.029519763,6.598714762770907E-7,345144.0,99.8,83.2355406538139,66.66666666666666,71.42857142857143,345144.0,232976.0,8.0
345538.0,11.042197002,6.606355468818282E-7,345538.0,99.8,85.6156501726121,75.0,75.0,345538.0,232976.0,8.0
345932.0,11.054980574,6.614060262889565E-7,345932.0,99.7,79.8549556809025,70.0,66.66666666666666,345932.0,232976.0,8.0
346326.0,11.067761645,6.621763549581693E-7,346326.0,99.9,66.62216288384631,75.0,50.0,346326.0,232976.0,8.0
346720.0,11.080448109,6.62940981563415E-7,346720.0,100.0,?,?,?,346720.0,232976.0,8.0
347114.0,11.093111351,6.637042085541562E-7,347114.0,100.0,?,?,?,347114.0,232976.0,8.0
347508.0,11.105814802,6.644698589838611E-7,347508.0,100.0,?,?,?,347508.0,232976.0,8.0
347902.0,11.118527461,6.652360643894664E-7,347902.0,99.8,85.6156501726121,66.66666666666666,75.0,347902.0,232976.0,8.0
348296.0,11.131042928,6.659903848246386E-7,348296.0,99.8,85.6156501726121,66.66666666666666,75.0,348296.0,232976.0,8.0
348690.0,11.143617734,6.667482816841105E-7,348690.0,100.0,100.0,100.0,100.0,348690.0,232976.0,8.0
349084.0,11.156262916,6.675104201795475E-7,349084.0,100.0,?,?,?,349084.0,232976.0,8.0
349478.0,11.168967983,6.682761680072819E-7,349478.0,100.0,?,?,?,349478.0,232976.0,8.0
349872.0,11.181694625,6.690432161830887E-7,349872.0,100.0,?,?,?,349872.0,232976.0,8.0
350266.0,11.194301801,6.698030640167024E-7,350266.0,99.8,90.80882352941175,75.0,83.33333333333334,350266.0,232976.0,8.0
350660.0,11.206960134,6.705659951368207E-7,350660.0,99.8,91.56616344775237,80.0,84.61538461538461,350660.0,232976.0,8.0
351054.0,11.219779981,6.713386608765714E-7,351054.0,99.8,91.56616344775237,80.0,84.61538461538461,351054.0,232976.0,8.0
351448.0,11.232540429,6.721077465757588E-7,351448.0,99.9,0.0,-Infinity,-Infinity,351448.0,232976.0,8.0
351842.0,11.245201309,6.728708312062614E-7,351842.0,99.9,0.0,-Infinity,-Infinity,351842.0,232976.0,8.0
352236.0,11.257766923,6.7362817405417E-7,352236.0,99.9,0.0,-Infinity,-Infinity,352236.0,232976.0,8.0
352630.0,11.270330633,6.743854021459845E-7,352630.0,100.0,?,?,?,352630.0,232976.0,8.0
353024.0,11.283265825,6.751650198508992E-7,353024.0,99.6,71.24370956146673,33.33333333333333,55.55555555555556,353024.0,232976.0,8.0
353418.0,11.296191055,6.759440371355359E-7,353418.0,99.6,74.81108312342586,50.0,60.0,353418.0,232976.0,8.0
353812.0,11.308903885,6.767102528474921E-7,353812.0,99.9,88.83928571428567,80.0,80.0,353812.0,232976.0,8.0
354206.0,11.321812913,6.7748829362045E-7,354206.0,100.0,?,?,?,354206.0,232976.0,8.0
354600.0,11.334612083,6.782597131355382E-7,354600.0,100.0,?,?,?,354600.0,232976.0,8.0
354994.0,11.347276683,6.790230219743758E-7,354994.0,100.0,?,?,?,354994.0,232976.0,8.0
355388.0,11.359868395,6.797819377763513E-7,355388.0,100.0,?,?,?,355388.0,232976.0,8.0
355782.0,11.372607439,6.805497334338171E-7,355782.0,99.8,85.6156501726121,66.66666666666666,75.0,355782.0,232976.0,8.0
356176.0,11.385284719,6.813138065096679E-7,356176.0,99.8,85.6156501726121,66.66666666666666,75.0,356176.0,232976.0,8.0
356570.0,11.397861934,6.820718485621182E-7,356570.0,100.0,100.0,100.0,100.0,356570.0,232976.0,8.0
356964.0,11.410377986,6.828262042558592E-7,356964.0,100.0,?,?,?,356964.0,232976.0,8.0
357358.0,11.423118194,6.835940700688365E-7,357358.0,100.0,?,?,?,357358.0,232976.0,8.0
357752.0,11.435736083,6.843545635862924E-7,357752.0,100.0,?,?,?,357752.0,232976.0,8.0
358146.0,11.448437597,6.851200972709583E-7,358146.0,99.7,82.20640569395015,62.5,70.0,358146.0,232976.0,8.0
358540.0,11.461093507,6.858828823543035E-7,358540.0,99.7,82.20640569395015,62.5,70.0,358540.0,232976.0,8.0
358934.0,11.473694256,6.866423428258285E-7,358934.0,99.7,82.20640569395015,62.5,70.0,358934.0,232976.0,8.0
359328.0,11.486336554,6.874043074995348E-7,359328.0,100.0,?,?,?,359328.0,232976.0,8.0
359722.0,11.49909302,6.881731531993699E-7,359722.0,100.0,?,?,?,359722.0,232976.0,8.0
360116.0,11.511894776,6.889447285754136E-7,360116.0,100.0,?,?,?,360116.0,232976.0,8.0
360510.0,11.524387881,6.896977012291909E-7,360510.0,100.0,?,?,?,360510.0,232976.0,8.0
360904.0,11.537389258,6.904813079740672E-7,360904.0,99.9,0.0,50.0,0.0,360904.0,232976.0,8.0
361298.0,11.550073458,6.912457981256381E-7,361298.0,99.9,0.0,50.0,0.0,361298.0,232976.0,8.0
361692.0,11.562674552,6.920052793906781E-7,361692.0,100.0,?,?,?,361692.0,232976.0,8.0
362086.0,11.575489778,6.927776666178706E-7,362086.0,100.0,?,?,?,362086.0,232976.0,8.0
362480.0,11.588331578,6.935516554881535E-7,362480.0,100.0,?,?,?,362480.0,232976.0,8.0
362874.0,11.600954411,6.943124469857194E-7,362874.0,100.0,?,?,?,362874.0,232976.0,8.0
363268.0,11.613519192,6.950697396278368E-7,363268.0,100.0,100.0,100.0,100.0,363268.0,232976.0,8.0
363662.0,11.626100091,6.958280037188641E-7,363662.0,99.8,88.78923766816146,75.0,80.0,363662.0,232976.0,8.0
364056.0,11.638806387,6.965938256197286E-7,364056.0,99.8,88.78923766816146,75.0,80.0,364056.0,232976.0,8.0
364450.0,11.651559893,6.973624929172326E-7,364450.0,100.0,100.0,100.0,100.0,364450.0,232976.0,8.0
364844.0,11.664260589,6.981279773001732E-7,364844.0,100.0,100.0,100.0,100.0,364844.0,232976.0,8.0
365238.0,11.676959288,6.988933413218114E-7,365238.0,100.0,100.0,100.0,100.0,365238.0,232976.0,8.0
365632.0,11.689543652,6.99651814252054E-7,365632.0,100.0,?,?,?,365632.0,232976.0,8.0
366026.0,11.702044778,7.00405270339986E-7,366026.0,99.7,76.77299473521218,25.0,57.14285714285714,366026.0,232976.0,8.0
366420.0,11.714643345,7.011645993000628E-7,366420.0,99.7,76.77299473521218,25.0,57.14285714285714,366420.0,232976.0,8.0
366814.0,11.727488004,7.019387604853E-7,366814.0,99.6,71.2313003452242,33.33333333333333,50.0,366814.0,232976.0,8.0
367208.0,11.740393603,7.027165945888007E-7,367208.0,99.9,0.0,50.0,0.0,367208.0,232976.0,8.0
367602.0,11.753052487,7.034795589182719E-7,367602.0,99.9,66.62216288384631,75.0,50.0,367602.0,232976.0,8.0
367996.0,11.765750374,7.042448739998111E-7,367996.0,100.0,100.0,100.0,100.0,367996.0,232976.0,8.0
368390.0,11.778298696,7.050011746405879E-7,368390.0,100.0,100.0,100.0,100.0,368390.0,232976.0,8.0
368784.0,11.791040538,7.057691389364735E-7,368784.0,99.8,83.2355406538139,66.66666666666666,71.42857142857143,368784.0,232976.0,8.0
369178.0,11.803704714,7.065324222203827E-7,369178.0,99.8,83.2355406538139,66.66666666666666,71.42857142857143,369178.0,232976.0,8.0
369572.0,11.816346423,7.07294351394436E-7,369572.0,100.0,?,?,?,369572.0,232976.0,8.0
369966.0,11.829017541,7.080580530800284E-7,369966.0,100.0,?,?,?,369966.0,232976.0,8.0
370360.0,11.841658766,7.088199530828896E-7,370360.0,100.0,100.0,100.0,100.0,370360.0,232976.0,8.0
370754.0,11.854287984,7.095811294111596E-7,370754.0,100.0,100.0,100.0,100.0,370754.0,232976.0,8.0
371148.0,11.867101658,7.103534230976705E-7,371148.0,99.8,83.2355406538139,0.0,71.42857142857143,371148.0,232976.0,8.0
371542.0,11.87969244,7.111122828475622E-7,371542.0,99.8,83.2355406538139,0.0,71.42857142857143,371542.0,232976.0,8.0
371936.0,11.892286055,7.118713133453607E-7,371936.0,99.8,83.2355406538139,0.0,71.42857142857143,371936.0,232976.0,8.0
372330.0,11.90486393,7.126293951767092E-7,372330.0,100.0,?,?,?,372330.0,232976.0,8.0
372724.0,11.917444924,7.133876649934869E-7,372724.0,100.0,?,?,?,372724.0,232976.0,8.0
373118.0,11.93002675,7.141459849557848E-7,373118.0,100.0,100.0,100.0,100.0,373118.0,232976.0,8.0
373512.0,11.942764975,7.149137312512543E-7,373512.0,100.0,100.0,100.0,100.0,373512.0,232976.0,8.0
373906.0,11.955474187,7.156797289025234E-7,373906.0,99.8,88.78923766816146,75.0,80.0,373906.0,232976.0,8.0
374300.0,11.968109551,7.164412756567148E-7,374300.0,99.8,88.78923766816146,75.0,80.0,374300.0,232976.0,8.0
374694.0,11.980684254,7.171991663082678E-7,374694.0,99.8,88.78923766816146,75.0,80.0,374694.0,232976.0,8.0
375088.0,11.993316444,7.179605217621216E-7,375088.0,100.0,?,?,?,375088.0,232976.0,8.0
375482.0,12.00604921,7.187279390378864E-7,375482.0,100.0,?,?,?,375482.0,232976.0,8.0
375876.0,12.018610459,7.194850188026276E-7,375876.0,100.0,?,?,?,375876.0,232976.0,8.0
376270.0,12.031210044,7.202444091186412E-7,376270.0,100.0,?,?,?,376270.0,232976.0,8.0
376664.0,12.043887947,7.21008519743361E-7,376664.0,99.8,83.2355406538139,50.0,71.42857142857143,376664.0,232976.0,8.0
377058.0,12.056436451,7.217648313534703E-7,377058.0,99.8,83.2355406538139,50.0,71.42857142857143,377058.0,232976.0,8.0
377452.0,12.069196546,7.225338957769742E-7,377452.0,100.0,?,?,?,377452.0,232976.0,8.0
377846.0,12.080904227,7.232395300954361E-7,377846.0,100.0,100.0,100.0,100.0,377846.0,232976.0,8.0
378240.0,12.092178708,7.239190549916514E-7,378240.0,100.0,100.0,100.0,100.0,378240.0,232976.0,8.0
378634.0,12.103449957,7.245983850918078E-7,378634.0,100.0,100.0,100.0,100.0,378634.0,232976.0,8.0
379028.0,12.11468552,7.252755643589948E-7,379028.0,100.0,?,?,?,379028.0,232976.0,8.0
379422.0,12.126045777,7.259602590654654E-7,379422.0,99.8,83.2355406538139,50.0,71.42857142857143,379422.0,232976.0,8.0
379816.0,12.137219477,7.266337097842027E-7,379816.0,99.8,83.2355406538139,50.0,71.42857142857143,379816.0,232976.0,8.0
380210.0,12.148539823,7.273159990124848E-7,380210.0,100.0,?,?,?,380210.0,232976.0,8.0
380604.0,12.15974324,7.279912408062472E-7,380604.0,100.0,?,?,?,380604.0,232976.0,8.0
380998.0,12.171250618,7.28684802651015E-7,380998.0,100.0,?,?,?,380998.0,232976.0,8.0
381392.0,12.182741474,7.293773686973655E-7,381392.0,100.0,100.0,100.0,100.0,381392.0,232976.0,8.0
381786.0,12.193986211,7.30055100891237E-7,381786.0,99.8,87.40078115156855,75.0,77.77777777777779,381786.0,232976.0,8.0
382180.0,12.205177303,7.307295998442119E-7,382180.0,99.8,85.6156501726121,66.66666666666666,75.0,382180.0,232976.0,8.0
382574.0,12.216502367,7.314121734313447E-7,382574.0,99.8,85.6156501726121,66.66666666666666,75.0,382574.0,232976.0,8.0
382968.0,12.227716322,7.320880503615144E-7,382968.0,100.0,?,?,?,382968.0,232976.0,8.0
383362.0,12.239056211,7.327715174670794E-7,383362.0,100.0,?,?,?,383362.0,232976.0,8.0
383756.0,12.250321215,7.334504711744796E-7,383756.0,100.0,?,?,?,383756.0,232976.0,8.0
384150.0,12.261673201,7.34134667379031E-7,384150.0,100.0,?,?,?,384150.0,232976.0,8.0
384544.0,12.273107421,7.348238199137509E-7,384544.0,99.8,85.6156501726121,50.0,75.0,384544.0,232976.0,8.0
384938.0,12.284448907,7.355073832721952E-7,384938.0,99.8,85.6156501726121,50.0,75.0,384938.0,232976.0,8.0
385332.0,12.295874334,7.361960058435037E-7,385332.0,100.0,?,?,?,385332.0,232976.0,8.0
385726.0,12.307171491,7.36876897446226E-7,385726.0,100.0,?,?,?,385726.0,232976.0,8.0
386120.0,12.318451301,7.375567435269083E-7,386120.0,100.0,?,?,?,386120.0,232976.0,8.0
386514.0,12.329785498,7.382398675696122E-7,386514.0,100.0,?,?,?,386514.0,232976.0,8.0
386908.0,12.341196113,7.389275974060123E-7,386908.0,99.7,76.78018575851378,25.0,62.5,386908.0,232976.0,8.0
387302.0,12.352444021,7.396055207194082E-7,387302.0,99.7,76.78018575851378,25.0,62.5,387302.0,232976.0,8.0
387696.0,12.36397782,7.403006749857946E-7,387696.0,99.7,76.78018575851378,25.0,62.5,387696.0,232976.0,8.0
388090.0,12.375234741,7.409791415222345E-7,388090.0,100.0,?,?,?,388090.0,232976.0,8.0
388484.0,12.386614961,7.416650394198323E-7,388484.0,100.0,100.0,100.0,100.0,388484.0,232976.0,8.0
388878.0,12.397873743,7.423436181207108E-7,388878.0,100.0,100.0,100.0,100.0,388878.0,232976.0,8.0
389272.0,12.409314582,7.430331695895624E-7,389272.0,100.0,?,?,?,389272.0,232976.0,8.0
389666.0,12.420770827,7.437236495943308E-7,389666.0,99.7,76.77299473521218,50.0,57.14285714285714,389666.0,232976.0,8.0
390060.0,12.432417739,7.444256213008802E-7,390060.0,99.7,79.84954325631396,62.5,62.5,390060.0,232976.0,8.0
390454.0,12.443709355,7.451061789416711E-7,390454.0,100.0,100.0,100.0,100.0,390454.0,232976.0,8.0
390848.0,12.455016829,7.45787692360897E-7,390848.0,100.0,100.0,100.0,100.0,390848.0,232976.0,8.0
391242.0,12.466426342,7.464753557785915E-7,391242.0,100.0,?,?,?,391242.0,232976.0,8.0
391636.0,12.477896219,7.4716665739842E-7,391636.0,100.0,?,?,?,391636.0,232976.0,8.0
392030.0,12.489284691,7.478530526527869E-7,392030.0,99.8,83.2355406538139,0.0,71.42857142857143,392030.0,232976.0,8.0
392424.0,12.500647129,7.485378788104346E-7,392424.0,99.8,83.2355406538139,0.0,71.42857142857143,392424.0,232976.0,8.0
392818.0,12.512085151,7.492272604957165E-7,392818.0,99.8,85.6156501726121,50.0,75.0,392818.0,232976.0,8.0
393212.0,12.523231608,7.498990692500256E-7,393212.0,100.0,100.0,100.0,100.0,393212.0,232976.0,8.0
393606.0,12.534511803,7.505789385350652E-7,393606.0,100.0,?,?,?,393606.0,232976.0,8.0
394000.0,12.545830455,7.512611256641753E-7,394000.0,100.0,?,?,?,394000.0,232976.0,8.0
394394.0,12.557122126,7.519416866198745E-7,394394.0,100.0,?,?,?,394394.0,232976.0,8.0
394634.0,12.568187762,7.526086242070198E-7,394634.0,99.7,84.06289842753935,-200.0,72.72727272727273,394634.0,232976.0,8.0
