learning evaluation instances,evaluation time (cpu seconds),model cost (RAM-Hours),classified instances,classifications correct (percent),Kappa Statistic (percent),Kappa Temporal Statistic (percent),Kappa M Statistic (percent),F1 Score (percent),Precision (percent),Recall (percent),model training instances,model serialized size (bytes),tree size (nodes),tree size (leaves),active learning leaves,tree depth,active leaf byte size estimate,inactive leaf byte size estimate,byte size estimate overhead
1000.0,0.086416551,3.244306137040257E-10,1000.0,99.0,99.0,-233.33333333333334,98.90350877192982,?,?,?,1000.0,14512.0,1.0,1.0,1.0,0.0,0.0,0.0,1.0
2000.0,0.115721132,4.3444777000281544E-10,2000.0,99.5,99.5,-233.33333333334565,99.47698744769873,?,?,?,2000.0,14512.0,1.0,1.0,1.0,0.0,0.0,0.0,1.0
3000.0,0.130916493,4.914951786026359E-10,3000.0,99.63333333333333,99.63333333333333,-266.6666666666704,99.62225274725274,?,?,?,3000.0,14512.0,1.0,1.0,1.0,0.0,0.0,0.0,1.0
4000.0,0.170781407,7.701959001397094E-10,4000.0,99.65,99.65,-366.666666666642,99.64212678936606,?,?,?,4000.0,27024.0,5.0,3.0,3.0,2.0,0.0,0.0,1.0
5000.0,0.185338049,8.719632494573792E-10,5000.0,99.72,99.72,-366.6666666666358,99.71498371335504,?,?,?,5000.0,27024.0,5.0,3.0,3.0,2.0,0.0,0.0,1.0
6000.0,0.198200961,9.618895153328776E-10,6000.0,99.76666666666667,99.76666666666667,-366.6666666667111,99.76319350473614,?,?,?,6000.0,27024.0,5.0,3.0,3.0,2.0,0.0,0.0,1.0
7000.0,0.210174475,1.045597885834674E-9,7000.0,99.8,99.8,-366.66666666664935,99.79745370370371,?,?,?,7000.0,27024.0,5.0,3.0,3.0,2.0,0.0,0.0,1.0
8000.0,0.221814609,1.1269755540415644E-9,8000.0,99.825,99.825,-366.6666666666568,99.82305358948432,?,?,?,8000.0,27024.0,5.0,3.0,3.0,2.0,0.0,0.0,1.0
9000.0,0.232841658,1.2040670664608477E-9,9000.0,99.84444444444445,99.84444444444445,-366.6666666667111,99.84290843806104,?,?,?,9000.0,27024.0,5.0,3.0,3.0,2.0,0.0,0.0,1.0
10000.0,0.24243418,1.2711296168218055E-9,10000.0,99.86,99.86,-366.6666666667037,99.85875706214689,?,?,?,10000.0,27024.0,5.0,3.0,3.0,2.0,0.0,0.0,1.0
11000.0,0.251617694,1.3353327398498851E-9,11000.0,99.87272727272727,99.87272727272727,-366.6666666666124,99.87170087976538,?,?,?,11000.0,27024.0,5.0,3.0,3.0,2.0,0.0,0.0,1.0
12000.0,0.260545474,1.3977479937175908E-9,12000.0,99.88333333333334,99.88333333333334,-366.6666666667111,99.88247145735393,?,?,?,12000.0,27024.0,5.0,3.0,3.0,2.0,0.0,0.0,1.0
13000.0,0.269103768,1.457580123618245E-9,13000.0,99.8923076923077,99.8923076923077,-366.66666666661854,99.8915737298637,?,?,?,13000.0,27024.0,5.0,3.0,3.0,2.0,0.0,0.0,1.0
14000.0,0.277773766,1.518193190495173E-9,14000.0,99.9,99.9,-366.66666666664935,99.89936745255893,?,?,?,14000.0,27024.0,5.0,3.0,3.0,2.0,0.0,0.0,1.0
15000.0,0.286130911,1.5766190619642533E-9,15000.0,99.90666666666667,99.90666666666667,-366.66666666672216,99.90611587982833,?,?,?,15000.0,27024.0,5.0,3.0,3.0,2.0,0.0,0.0,1.0
16000.0,0.29443997,1.6347087580462295E-9,16000.0,99.91250000000001,99.91250000000001,-366.6666666666272,99.91201608848668,?,?,?,16000.0,27024.0,5.0,3.0,3.0,2.0,0.0,0.0,1.0
17000.0,0.302845498,1.693472881267468E-9,17000.0,99.91764705882353,99.91764705882353,-366.66666666654083,99.91721854304636,?,?,?,17000.0,27024.0,5.0,3.0,3.0,2.0,0.0,0.0,1.0
18000.0,0.311149432,1.7515267478177942E-9,18000.0,99.92222222222222,99.92222222222222,-366.6666666667111,99.9218401071907,?,?,?,18000.0,27024.0,5.0,3.0,3.0,2.0,0.0,0.0,1.0
19000.0,0.319365598,1.8089670170346892E-9,19000.0,99.92631578947369,99.92631578947369,-366.6666666665729,99.92597292724197,?,?,?,19000.0,27024.0,5.0,3.0,3.0,2.0,0.0,0.0,1.0
20000.0,0.327391972,1.8650804260621463E-9,20000.0,99.92999999999999,99.92999999999999,-366.6666666667407,99.92969063881077,?,?,?,20000.0,27024.0,5.0,3.0,3.0,2.0,0.0,0.0,1.0
21000.0,0.33544566,1.9213847907632584E-9,21000.0,99.93333333333332,99.93333333333332,-366.6666666667962,99.93305279265493,?,?,?,21000.0,27024.0,5.0,3.0,3.0,2.0,0.0,0.0,1.0
22000.0,0.343544908,1.978007671261827E-9,22000.0,99.93636363636364,99.93636363636364,-366.66666666680237,99.93610806863819,?,?,?,22000.0,27024.0,5.0,3.0,3.0,2.0,0.0,0.0,1.0
23000.0,0.35160819,2.0343791088461874E-9,23000.0,99.93913043478261,99.93913043478261,-366.6666666668085,99.93889664804469,?,?,?,23000.0,27024.0,5.0,3.0,3.0,2.0,0.0,0.0,1.0
24000.0,0.359494993,2.089516759129862E-9,24000.0,99.94166666666666,99.94166666666666,-366.6666666665483,99.94145199063232,?,?,?,24000.0,27024.0,5.0,3.0,3.0,2.0,0.0,0.0,1.0
25000.0,0.367398165,2.1447688471898436E-9,25000.0,99.944,99.944,-366.6666666666358,99.94380218368659,?,?,?,25000.0,27024.0,5.0,3.0,3.0,2.0,0.0,0.0,1.0
26000.0,0.373467997,2.187203820409874E-9,26000.0,99.94615384615385,99.94615384615385,-366.66666666657045,99.94597097869713,?,?,?,26000.0,27024.0,5.0,3.0,3.0,2.0,0.0,0.0,1.0
27000.0,0.379355509,2.22836417114983E-9,27000.0,99.94814814814815,99.94814814814815,-366.6666666668332,99.94797859690846,?,?,?,27000.0,27024.0,5.0,3.0,3.0,2.0,0.0,0.0,1.0
28000.0,0.385208221,2.269281230630974E-9,28000.0,99.95,99.95,-366.6666666665976,99.94984236170824,?,?,?,28000.0,27024.0,5.0,3.0,3.0,2.0,0.0,0.0,1.0
29000.0,0.391057496,2.310174261604746E-9,29000.0,99.95172413793102,99.95172413793102,-366.6666666667382,99.95157719977863,?,?,?,29000.0,27024.0,5.0,3.0,3.0,2.0,0.0,0.0,1.0
30000.0,0.396741463,2.3499116031701365E-9,30000.0,99.95333333333333,99.95333333333333,-366.66666666666663,99.95319604172239,?,?,?,30000.0,27024.0,5.0,3.0,3.0,2.0,0.0,0.0,1.0
31000.0,0.402443013,2.3897718697413803E-9,31000.0,99.95483870967742,99.95483870967742,-366.6666666667814,99.95471014492753,?,?,?,31000.0,27024.0,5.0,3.0,3.0,2.0,0.0,0.0,1.0
32000.0,0.408101468,2.429330853646E-9,32000.0,99.95625,99.95625,-366.6666666666272,99.95612935572825,?,?,?,32000.0,27024.0,5.0,3.0,3.0,2.0,0.0,0.0,1.0
33000.0,0.413680254,2.468332861363888E-9,33000.0,99.95757575757575,99.95757575757575,-366.66666666642243,99.95746232377249,?,?,?,33000.0,27024.0,5.0,3.0,3.0,2.0,0.0,0.0,1.0
34000.0,0.419211664,2.507003657395641E-9,34000.0,99.95882352941177,99.95882352941177,-366.66666666683443,99.9587166784619,?,?,?,34000.0,27024.0,5.0,3.0,3.0,2.0,0.0,0.0,1.0
35000.0,0.424733895,2.545610281862319E-9,35000.0,99.96000000000001,99.96000000000001,-366.6666666668394,99.95989917506874,?,?,?,35000.0,27024.0,5.0,3.0,3.0,2.0,0.0,0.0,1.0
36000.0,0.430440595,2.5855065527434155E-9,36000.0,99.96111111111111,99.96111111111111,-366.6666666667111,99.9610158164402,?,?,?,36000.0,27024.0,5.0,3.0,3.0,2.0,0.0,0.0,1.0
37000.0,0.436888906,2.6305875211457417E-9,37000.0,99.96216216216216,99.96216216216216,-366.666666666758,99.96207195491981,?,?,?,37000.0,27024.0,5.0,3.0,3.0,2.0,0.0,0.0,1.0
38000.0,0.442710226,2.67128511513273E-9,38000.0,99.96315789473684,99.96315789473684,-366.6666666665729,99.96307237813885,?,?,?,38000.0,27024.0,5.0,3.0,3.0,2.0,0.0,0.0,1.0
39000.0,0.448483935,2.711649854518474E-9,39000.0,99.96410256410256,99.96410256410256,-366.66666666661854,99.96402138157895,?,?,?,39000.0,27024.0,5.0,3.0,3.0,2.0,0.0,0.0,1.0
40000.0,0.454231336,2.7518306713054584E-9,40000.0,99.965,99.965,-366.6666666663213,99.9649228302265,?,?,?,40000.0,27024.0,5.0,3.0,3.0,2.0,0.0,0.0,1.0
41000.0,0.459891463,2.7914013443763064E-9,41000.0,99.96585365853659,99.96585365853659,-366.66666666666663,99.96578021118498,?,?,?,41000.0,27024.0,5.0,3.0,3.0,2.0,0.0,0.0,1.0
42000.0,0.465405576,2.8299512148648505E-9,42000.0,99.96666666666667,99.96666666666667,-366.6666666663558,99.9665966787555,?,?,?,42000.0,27024.0,5.0,3.0,3.0,2.0,0.0,0.0,1.0
43000.0,0.470821651,2.8678156891341017E-9,43000.0,99.96744186046512,99.96744186046512,-366.66666666656056,99.96737509321402,?,?,?,43000.0,27024.0,5.0,3.0,3.0,2.0,0.0,0.0,1.0
44000.0,0.476309379,2.906181098707021E-9,44000.0,99.96818181818182,99.96818181818182,-366.66666666672097,99.9681180542904,?,?,?,44000.0,27024.0,5.0,3.0,3.0,2.0,0.0,0.0,1.0
45000.0,0.481888658,2.945186553051075E-9,45000.0,99.96888888888888,99.96888888888888,-366.6666666667777,99.96882793017457,?,?,?,45000.0,27024.0,5.0,3.0,3.0,2.0,0.0,0.0,1.0
46000.0,0.487319783,2.9831562437986343E-9,46000.0,99.9695652173913,99.9695652173913,-366.6666666663262,99.96950688273219,?,?,?,46000.0,27024.0,5.0,3.0,3.0,2.0,0.0,0.0,1.0
47000.0,0.492665434,3.020528374860685E-9,47000.0,99.97021276595744,99.97021276595744,-366.66666666649274,99.97015688949521,?,?,?,47000.0,27024.0,5.0,3.0,3.0,2.0,0.0,0.0,1.0
48000.0,0.498009136,3.0578868802140167E-9,48000.0,99.97083333333333,99.97083333333333,-366.6666666669627,99.97077976289864,?,?,?,48000.0,27024.0,5.0,3.0,3.0,2.0,0.0,0.0,1.0
49000.0,0.503287398,3.0947878861427316E-9,49000.0,99.97142857142856,99.97142857142856,-366.66666666648536,99.97137716715734,?,?,?,49000.0,27024.0,5.0,3.0,3.0,2.0,0.0,0.0,1.0
50000.0,0.508795268,3.1332941110183805E-9,50000.0,99.97200000000001,99.97200000000001,-366.66666666697506,99.97195063311428,?,?,?,50000.0,27024.0,5.0,3.0,3.0,2.0,0.0,0.0,1.0
51000.0,0.514321262,3.171927043100199E-9,51000.0,99.97254901960785,99.97254901960785,-366.6666666664779,99.9725015713388,?,?,?,51000.0,27024.0,5.0,3.0,3.0,2.0,0.0,0.0,1.0
52000.0,0.519858952,3.2106417434165888E-9,52000.0,99.97307692307692,99.97307692307692,-366.6666666671157,99.9730312837109,?,?,?,52000.0,27024.0,5.0,3.0,3.0,2.0,0.0,0.0,1.0
53000.0,0.525412607,3.2494680570935222E-9,53000.0,99.97358490566037,99.97358490566037,-366.6666666671897,99.97354097369217,?,?,?,53000.0,27024.0,5.0,3.0,3.0,2.0,0.0,0.0,1.0
54000.0,0.531103383,3.289253001250328E-9,54000.0,99.97407407407407,99.97407407407407,-366.6666666664668,99.97403175545332,?,?,?,54000.0,27024.0,5.0,3.0,3.0,2.0,0.0,0.0,1.0
55000.0,0.536667478,3.3281523023049047E-9,55000.0,99.97454545454545,99.97454545454545,-366.66666666707374,99.97450466200466,?,?,?,55000.0,27024.0,5.0,3.0,3.0,2.0,0.0,0.0,1.0
56000.0,0.542165032,3.3665864067027977E-9,56000.0,99.97500000000001,99.97500000000001,-366.6666666665976,99.97496065245386,?,?,?,56000.0,27024.0,5.0,3.0,3.0,2.0,0.0,0.0,1.0
57000.0,0.547634865,3.4048267100378883E-9,57000.0,99.97543859649123,99.97543859649123,-366.6666666662448,99.97540061849874,?,?,?,57000.0,27024.0,5.0,3.0,3.0,2.0,0.0,0.0,1.0
58000.0,0.553055399,3.4427223577474565E-9,58000.0,99.97586206896551,99.97586206896551,-366.6666666662374,99.97582539024728,?,?,?,58000.0,27024.0,5.0,3.0,3.0,2.0,0.0,0.0,1.0
59000.0,0.558523868,3.480953125183782E-9,59000.0,99.97627118644068,99.97627118644068,-366.66666666710336,99.97623574144487,?,?,?,59000.0,27024.0,5.0,3.0,3.0,2.0,0.0,0.0,1.0
60000.0,0.563993149,3.5191895694161466E-9,60000.0,99.97666666666667,99.97666666666667,-366.66666666666663,99.97663239417814,?,?,?,60000.0,27024.0,5.0,3.0,3.0,2.0,0.0,0.0,1.0
61000.0,0.56949877,3.557680071244638E-9,61000.0,99.97704918032787,99.97704918032787,-366.6666666668924,99.97701602311531,?,?,?,61000.0,27024.0,5.0,3.0,3.0,2.0,0.0,0.0,1.0
62000.0,0.574949288,3.59578534093996E-9,62000.0,99.97741935483872,99.97741935483872,-366.6666666661313,99.97738725933584,?,?,?,62000.0,27024.0,5.0,3.0,3.0,2.0,0.0,0.0,1.0
63000.0,0.580418258,3.6340196109314773E-9,63000.0,99.97777777777777,99.97777777777777,-366.6666666664335,99.9777466937945,?,?,?,63000.0,27024.0,5.0,3.0,3.0,2.0,0.0,0.0,1.0
64000.0,0.585743907,3.671251905448736E-9,64000.0,99.97812499999999,99.97812499999999,-366.6666666667456,99.97809488046063,?,?,?,64000.0,27024.0,5.0,3.0,3.0,2.0,0.0,0.0,1.0
65000.0,0.590907613,3.70735203570376E-9,65000.0,99.97846153846154,99.97846153846154,-366.6666666670676,99.97843233916687,?,?,?,65000.0,27024.0,5.0,3.0,3.0,2.0,0.0,0.0,1.0
66000.0,0.596023992,3.743121296837927E-9,66000.0,99.97878787878788,99.97878787878788,-366.66666666642243,99.97875955819882,?,?,?,66000.0,27024.0,5.0,3.0,3.0,2.0,0.0,0.0,1.0
67000.0,0.601446878,3.7810333876808496E-9,67000.0,99.97910447761194,99.97910447761194,-366.6666666665014,99.97907699665231,?,?,?,67000.0,27024.0,5.0,3.0,3.0,2.0,0.0,0.0,1.0
68000.0,0.60705513,3.820241395980121E-9,68000.0,99.97941176470589,99.97941176470589,-366.66666666683443,99.97938508658264,?,?,?,68000.0,27024.0,5.0,3.0,3.0,2.0,0.0,0.0,1.0
69000.0,0.612194574,3.856171907484533E-9,69000.0,99.97971014492754,99.97971014492754,-366.6666666664113,99.97968423496634,?,?,?,69000.0,27024.0,5.0,3.0,3.0,2.0,0.0,0.0,1.0
70000.0,0.617507165,3.893312911850712E-9,70000.0,99.98,99.98,-366.6666666668394,99.9799748254949,?,?,?,70000.0,27024.0,5.0,3.0,3.0,2.0,0.0,0.0,1.0
71000.0,0.622628245,3.929115038278204E-9,71000.0,99.98028169014084,99.98028169014084,-366.6666666667543,99.9802572202166,?,?,?,71000.0,27024.0,5.0,3.0,3.0,2.0,0.0,0.0,1.0
72000.0,0.62759199,3.963817215561868E-9,72000.0,99.98055555555555,99.98055555555555,-366.66666666622257,99.98053176104126,?,?,?,72000.0,27024.0,5.0,3.0,3.0,2.0,0.0,0.0,1.0
73000.0,0.632576155,3.998662151681882E-9,73000.0,99.98082191780821,99.98082191780821,-366.6666666661264,99.98079877112134,?,?,?,73000.0,27024.0,5.0,3.0,3.0,2.0,0.0,0.0,1.0
74000.0,0.637575807,4.033615359403195E-9,74000.0,99.98108108108109,99.98108108108109,-366.66666666611894,99.9810585561208,?,?,?,74000.0,27024.0,5.0,3.0,3.0,2.0,0.0,0.0,1.0
75000.0,0.642698678,4.069430006941162E-9,75000.0,99.98133333333334,99.98133333333334,-366.6666666662041,99.98131140538231,?,?,?,75000.0,27024.0,5.0,3.0,3.0,2.0,0.0,0.0,1.0
76000.0,0.647763526,4.104839008251828E-9,76000.0,99.98157894736842,99.98157894736842,-366.6666666665729,99.98155759300242,?,?,?,76000.0,27024.0,5.0,3.0,3.0,2.0,0.0,0.0,1.0
77000.0,0.652893094,4.14070047537486E-9,77000.0,99.98181818181818,99.98181818181818,-366.66666666638173,99.98179737882256,?,?,?,77000.0,27024.0,5.0,3.0,3.0,2.0,0.0,0.0,1.0
78000.0,0.658050718,4.176758085588616E-9,78000.0,99.98205128205129,99.98205128205129,-366.6666666664742,99.98203100934388,?,?,?,78000.0,27024.0,5.0,3.0,3.0,2.0,0.0,0.0,1.0
79000.0,0.663148543,4.212397633331519E-9,79000.0,99.98227848101266,99.98227848101266,-366.66666666715395,99.98225871857258,?,?,?,79000.0,27024.0,5.0,3.0,3.0,2.0,0.0,0.0,1.0
80000.0,0.668181893,4.247586428088448E-9,80000.0,99.9825,99.9825,-366.6666666664693,99.98248072880168,?,?,?,80000.0,27024.0,5.0,3.0,3.0,2.0,0.0,0.0,1.0
81000.0,0.67325803,4.283074352244537E-9,81000.0,99.98271604938272,99.98271604938272,-366.6666666664668,99.98269725133478,?,?,?,81000.0,27024.0,5.0,3.0,3.0,2.0,0.0,0.0,1.0
82000.0,0.678370186,4.318814089844625E-9,82000.0,99.9829268292683,99.9829268292683,-366.6666666673747,99.98290848715695,?,?,?,82000.0,27024.0,5.0,3.0,3.0,2.0,0.0,0.0,1.0
83000.0,0.683505402,4.354715042859316E-9,83000.0,99.98313253012047,99.98313253012047,-366.66666666687144,99.98311462755693,?,?,?,83000.0,27024.0,5.0,3.0,3.0,2.0,0.0,0.0,1.0
84000.0,0.688527474,4.3898249916732314E-9,84000.0,99.98333333333333,99.98333333333333,-366.6666666670812,99.98331585470494,?,?,?,84000.0,27024.0,5.0,3.0,3.0,2.0,0.0,0.0,1.0
85000.0,0.693714752,4.426089916800459E-9,85000.0,99.9835294117647,99.9835294117647,-366.66666666719095,99.98351234218956,?,?,?,85000.0,27024.0,5.0,3.0,3.0,2.0,0.0,0.0,1.0
86000.0,0.698836477,4.461896552505593E-9,86000.0,99.98372093023255,99.98372093023255,-366.6666666673032,99.98370425551727,?,?,?,86000.0,27024.0,5.0,3.0,3.0,2.0,0.0,0.0,1.0
87000.0,0.703862887,4.497036828833322E-9,87000.0,99.98390804597702,99.98390804597702,-366.6666666662374,99.9838917525773,?,?,?,87000.0,27024.0,5.0,3.0,3.0,2.0,0.0,0.0,1.0
88000.0,0.709027171,4.533140999960403E-9,88000.0,99.98409090909091,99.98409090909091,-366.66666666688377,99.98407498407498,?,?,?,88000.0,27024.0,5.0,3.0,3.0,2.0,0.0,0.0,1.0
89000.0,0.714078076,4.568452523971598E-9,89000.0,99.98426966292135,99.98426966292135,-366.66666666677645,99.98425409393558,?,?,?,89000.0,27024.0,5.0,3.0,3.0,2.0,0.0,0.0,1.0
90000.0,0.719031062,4.603079483707746E-9,90000.0,99.98444444444445,99.98444444444445,-366.6666666667777,99.98442921968146,?,?,?,90000.0,27024.0,5.0,3.0,3.0,2.0,0.0,0.0,1.0
91000.0,0.724157588,4.638919683819016E-9,91000.0,99.98461538461538,99.98461538461538,-366.6666666662176,99.98460049278422,?,?,?,91000.0,27024.0,5.0,3.0,3.0,2.0,0.0,0.0,1.0
92000.0,0.729236905,4.674429839762549E-9,92000.0,99.98478260869565,99.98478260869565,-366.66666666712064,99.98476803899382,?,?,?,92000.0,27024.0,5.0,3.0,3.0,2.0,0.0,0.0,1.0
93000.0,0.734370493,4.71031941122065E-9,93000.0,99.98494623655914,99.98494623655914,-366.6666666668961,99.98493197864646,?,?,?,93000.0,27024.0,5.0,3.0,3.0,2.0,0.0,0.0,1.0
94000.0,0.739544314,4.746490256736676E-9,94000.0,99.98510638297873,99.98510638297873,-366.6666666671305,99.98509242695289,?,?,?,94000.0,27024.0,5.0,3.0,3.0,2.0,0.0,0.0,1.0
95000.0,0.744612143,4.781920098600288E-9,95000.0,99.98526315789474,99.98526315789474,-366.66666666736984,99.98524949426837,?,?,?,95000.0,27024.0,5.0,3.0,3.0,2.0,0.0,0.0,1.0
96000.0,0.749698628,4.817480366950234E-9,96000.0,99.98541666666667,99.98541666666667,-366.6666666659561,99.98540328634581,?,?,?,96000.0,27024.0,5.0,3.0,3.0,2.0,0.0,0.0,1.0
97000.0,0.75477163,4.852946373919646E-9,97000.0,99.98556701030927,99.98556701030927,-366.666666666906,99.98555390457322,?,?,?,97000.0,27024.0,5.0,3.0,3.0,2.0,0.0,0.0,1.0
98000.0,0.760899845,4.895789510173103E-9,98000.0,99.9857142857143,99.9857142857143,-366.666666666304,99.98570144619659,?,?,?,98000.0,27024.0,5.0,3.0,3.0,2.0,0.0,0.0,1.0
99000.0,0.767970229,4.9452194706226395E-9,99000.0,99.9858585858586,99.9858585858586,-366.6666666663003,99.98584600452928,?,?,?,99000.0,27024.0,5.0,3.0,3.0,2.0,0.0,0.0,1.0
100000.0,0.781201516,5.038624750381957E-9,100000.0,99.984,99.984,-220.00000000013324,99.9839857473151,?,?,?,100000.0,27288.0,7.0,4.0,4.0,3.0,0.0,0.0,1.0
101000.0,0.79403871,5.129247960119199E-9,101000.0,99.98415841584159,99.98415841584159,-220.00000000000003,99.98414444411412,?,?,?,101000.0,27288.0,7.0,4.0,4.0,3.0,0.0,0.0,1.0
102000.0,0.801589236,5.1825503329994786E-9,102000.0,99.9843137254902,99.9843137254902,-220.0000000003624,99.9843000264937,?,?,?,102000.0,27288.0,7.0,4.0,4.0,3.0,0.0,0.0,1.0
103000.0,0.813166438,5.30354956265746E-9,103000.0,99.98349514563107,99.98349514563107,-240.00000000009146,99.98348087182127,?,?,?,103000.0,40400.0,7.0,4.0,4.0,3.0,0.0,0.0,1.0
104000.0,0.821269255,5.388236226590559E-9,104000.0,99.98365384615384,99.98365384615384,-239.99999999986144,99.98363984563713,?,?,?,104000.0,40400.0,7.0,4.0,4.0,3.0,0.0,0.0,1.0
105000.0,0.829516478,5.474432151116846E-9,105000.0,99.98380952380953,99.98380952380953,-239.99999999990672,99.98379578881146,?,?,?,105000.0,40400.0,7.0,4.0,4.0,3.0,0.0,0.0,1.0
106000.0,0.837549721,5.560719252164581E-9,106000.0,99.98301886792453,99.98301886792453,-157.14285714295323,99.98300443773014,?,?,?,106000.0,41520.0,7.0,4.0,4.0,3.0,0.0,0.0,1.0
107000.0,0.84362808,5.626008448226172E-9,107000.0,99.98317757009346,99.98317757009346,-157.1428571428329,99.98316340847441,?,?,?,107000.0,41520.0,7.0,4.0,4.0,3.0,0.0,0.0,1.0
108000.0,0.849259036,5.686491975161352E-9,108000.0,99.98333333333333,99.98333333333333,-157.14285714290608,99.98331943286072,?,?,?,108000.0,41520.0,7.0,4.0,4.0,3.0,0.0,0.0,1.0
109000.0,0.854953672,5.747659505131759E-9,109000.0,99.98348623853211,99.98348623853211,-157.14285714258546,99.98347259204849,?,?,?,109000.0,41520.0,7.0,4.0,4.0,3.0,0.0,0.0,1.0
110000.0,0.860519644,5.807445022436895E-9,110000.0,99.98363636363636,99.98363636363636,-157.1428571428073,99.98362296424347,?,?,?,110000.0,41520.0,7.0,4.0,4.0,3.0,0.0,0.0,1.0
111000.0,0.866077069,5.867138734246709E-9,111000.0,99.98378378378379,99.98378378378379,-157.14285714295775,99.98377062483095,?,?,?,111000.0,41520.0,7.0,4.0,4.0,3.0,0.0,0.0,1.0
112000.0,0.87173352,5.927896109444815E-9,112000.0,99.98303571428572,99.98303571428572,-171.42857142867294,99.9830220713073,?,?,?,112000.0,41520.0,7.0,4.0,4.0,3.0,0.0,0.0,1.0
113000.0,0.877220949,5.986837976461072E-9,113000.0,99.98318584070796,99.98318584070796,-171.42857142875064,99.98317243822513,?,?,?,113000.0,41520.0,7.0,4.0,4.0,3.0,0.0,0.0,1.0
114000.0,0.882702184,6.045713312151948E-9,114000.0,99.98333333333333,99.98333333333333,-171.42857142854558,99.98332016504257,?,?,?,114000.0,41520.0,7.0,4.0,4.0,3.0,0.0,0.0,1.0
115000.0,0.888093302,6.103620678283691E-9,115000.0,99.98347826086956,99.98347826086956,-171.42857142885805,99.98346532068575,?,?,?,115000.0,41520.0,7.0,4.0,4.0,3.0,0.0,0.0,1.0
116000.0,0.893523132,6.161943859828432E-9,116000.0,99.98362068965517,99.98362068965517,-171.42857142854515,99.98360797170218,?,?,?,116000.0,41520.0,7.0,4.0,4.0,3.0,0.0,0.0,1.0
117000.0,0.899286075,6.223845092614909E-9,117000.0,99.98376068376068,99.98376068376068,-171.42857142870398,99.9837481823625,?,?,?,117000.0,41520.0,7.0,4.0,4.0,3.0,0.0,0.0,1.0
118000.0,0.904937018,6.284543304987669E-9,118000.0,99.98389830508475,99.98389830508475,-171.4285714282506,99.98388601475703,?,?,?,118000.0,41520.0,7.0,4.0,4.0,3.0,0.0,0.0,1.0
119000.0,0.910539103,6.344716721187452E-9,119000.0,99.98403361344538,99.98403361344538,-171.4285714285175,99.9840215288874,?,?,?,119000.0,41520.0,7.0,4.0,4.0,3.0,0.0,0.0,1.0
120000.0,0.916165105,6.405147035951833E-9,120000.0,99.98416666666667,99.98416666666667,-171.42857142840828,99.98415478275373,?,?,?,120000.0,41520.0,7.0,4.0,4.0,3.0,0.0,0.0,1.0
121000.0,0.921785963,6.465522097707211E-9,121000.0,99.98429752066116,99.98429752066116,-171.4285714286811,99.98428583243735,?,?,?,121000.0,41520.0,7.0,4.0,4.0,3.0,0.0,0.0,1.0
122000.0,0.927440549,6.5262594404671785E-9,122000.0,99.98442622950819,99.98442622950819,-171.42857142876494,99.98441473217947,?,?,?,122000.0,41520.0,7.0,4.0,4.0,3.0,0.0,0.0,1.0
123000.0,0.932886552,6.584756340307911E-9,123000.0,99.98455284552846,99.98455284552846,-171.42857142845995,99.9845415344561,?,?,?,123000.0,41520.0,7.0,4.0,4.0,3.0,0.0,0.0,1.0
124000.0,0.945100195,6.758210033619158E-9,124000.0,99.98225806451613,99.98225806451613,-144.4444444446144,99.98224503466253,?,?,?,124000.0,54896.0,9.0,5.0,5.0,4.0,0.0,0.0,1.0
125000.0,0.951169638,6.8444060444811175E-9,125000.0,99.9824,99.9824,-144.44444444451298,99.98238717786549,?,?,?,125000.0,54896.0,9.0,5.0,5.0,4.0,0.0,0.0,1.0
126000.0,0.957131259,6.929070806712328E-9,126000.0,99.98253968253968,99.98253968253968,-144.44444444428902,99.98252706319644,?,?,?,126000.0,54896.0,9.0,5.0,5.0,4.0,0.0,0.0,1.0
127000.0,0.963051793,7.01315206638848E-9,127000.0,99.98267716535433,99.98267716535433,-144.44444444463593,99.98266474402918,?,?,?,127000.0,54896.0,9.0,5.0,5.0,4.0,0.0,0.0,1.0
128000.0,0.968758042,7.094190128824365E-9,128000.0,99.9828125,99.9828125,-144.44444444449707,99.98280027206842,?,?,?,128000.0,54896.0,9.0,5.0,5.0,4.0,0.0,0.0,1.0
129000.0,0.974372084,7.173918701151594E-9,129000.0,99.9829457364341,99.9829457364341,-144.44444444442678,99.98293369741445,?,?,?,129000.0,54896.0,9.0,5.0,5.0,4.0,0.0,0.0,1.0
130000.0,0.980042862,7.254453017411548E-9,130000.0,99.98307692307692,99.98307692307692,-144.4444444443197,99.98306506862495,?,?,?,130000.0,54896.0,9.0,5.0,5.0,4.0,0.0,0.0,1.0
131000.0,0.985491326,7.3318301115081556E-9,131000.0,99.98320610687023,99.98320610687023,-144.44444444431878,99.98319443277391,?,?,?,131000.0,54896.0,9.0,5.0,5.0,4.0,0.0,0.0,1.0
132000.0,0.990992189,7.409951357048834E-9,132000.0,99.98333333333333,99.98333333333333,-144.44444444448064,99.98332183550781,?,?,?,132000.0,54896.0,9.0,5.0,5.0,4.0,0.0,0.0,1.0
133000.0,0.99660329,7.489638162369117E-9,133000.0,99.98345864661654,99.98345864661654,-144.44444444446268,99.98344732109939,?,?,?,133000.0,54896.0,9.0,5.0,5.0,4.0,0.0,0.0,1.0
134000.0,1.002119867,7.5679825723937E-9,134000.0,99.98358208955224,99.98358208955224,-144.4444444445363,99.98357093249894,?,?,?,134000.0,54896.0,9.0,5.0,5.0,4.0,0.0,0.0,1.0
135000.0,1.007623101,7.646137490009683E-9,135000.0,99.98370370370371,99.98370370370371,-144.44444444440742,99.98369271138323,?,?,?,135000.0,54896.0,9.0,5.0,5.0,4.0,0.0,0.0,1.0
136000.0,1.013151489,7.724649635538874E-9,136000.0,99.98382352941177,99.98382352941177,-144.44444444435126,99.98381269820247,?,?,?,136000.0,54896.0,9.0,5.0,5.0,4.0,0.0,0.0,1.0
137000.0,1.018715738,7.803671065881436E-9,137000.0,99.98394160583942,99.98394160583942,-144.44444444416277,99.98393093222506,?,?,?,137000.0,54896.0,9.0,5.0,5.0,4.0,0.0,0.0,1.0
138000.0,1.024302743,7.88301566861777E-9,138000.0,99.9840579710145,99.9840579710145,-144.4444444442742,99.9840474515804,?,?,?,138000.0,54896.0,9.0,5.0,5.0,4.0,0.0,0.0,1.0
139000.0,1.029854973,7.961866409515758E-9,139000.0,99.9841726618705,99.9841726618705,-144.44444444431107,99.98416229329993,?,?,?,139000.0,54896.0,9.0,5.0,5.0,4.0,0.0,0.0,1.0
140000.0,1.035470499,8.041616057068526E-9,140000.0,99.98428571428572,99.98428571428572,-144.4444444443485,99.9842754933564,?,?,?,140000.0,54896.0,9.0,5.0,5.0,4.0,0.0,0.0,1.0
141000.0,1.041122304,8.121880925717869E-9,141000.0,99.98439716312056,99.98439716312056,-144.44444444438648,99.98438708670135,?,?,?,141000.0,54896.0,9.0,5.0,5.0,4.0,0.0,0.0,1.0
142000.0,1.0466492,8.200371882408446E-9,142000.0,99.98450704225353,99.98450704225353,-144.44444444428873,99.98449710730117,?,?,?,142000.0,54896.0,9.0,5.0,5.0,4.0,0.0,0.0,1.0
143000.0,1.05219769,8.279169509193552E-9,143000.0,99.98461538461538,99.98461538461538,-144.44444444460126,99.98460558817149,?,?,?,143000.0,54896.0,9.0,5.0,5.0,4.0,0.0,0.0,1.0
144000.0,1.057648645,8.3565819795616E-9,144000.0,99.98472222222222,99.98472222222222,-144.4444444445826,99.98471256141033,?,?,?,144000.0,54896.0,9.0,5.0,5.0,4.0,0.0,0.0,1.0
145000.0,1.064130129,8.448629646088103E-9,145000.0,99.98482758620689,99.98482758620689,-144.4444444447028,99.98481805822964,?,?,?,145000.0,54896.0,9.0,5.0,5.0,4.0,0.0,0.0,1.0
146000.0,1.069974407,8.531627945926871E-9,146000.0,99.98493150684932,99.98493150684932,-144.44444444430437,99.98492210898574,?,?,?,146000.0,54896.0,9.0,5.0,5.0,4.0,0.0,0.0,1.0
147000.0,1.075850994,8.615085086373409E-9,147000.0,99.98503401360544,99.98503401360544,-144.4444444442631,99.98502474320838,?,?,?,147000.0,54896.0,9.0,5.0,5.0,4.0,0.0,0.0,1.0
148000.0,1.081660436,8.697588658074128E-9,148000.0,99.98513513513514,99.98513513513514,-144.44444444452557,99.98512598962877,?,?,?,148000.0,54896.0,9.0,5.0,5.0,4.0,0.0,0.0,1.0
149000.0,1.087448655,8.779790828486702E-9,149000.0,99.98523489932886,99.98523489932886,-144.4444444445057,99.98522587620627,?,?,?,149000.0,54896.0,9.0,5.0,5.0,4.0,0.0,0.0,1.0
150000.0,1.093005782,8.858711114788638E-9,150000.0,99.98533333333334,99.98533333333334,-144.44444444458838,99.9853244301543,?,?,?,150000.0,54896.0,9.0,5.0,5.0,4.0,0.0,0.0,1.0
151000.0,1.098477688,8.936421123600259E-9,151000.0,99.98543046357617,99.98543046357617,-144.44444444438236,99.98542167796487,?,?,?,151000.0,54896.0,9.0,5.0,5.0,4.0,0.0,0.0,1.0
152000.0,1.103996772,9.014801137122433E-9,152000.0,99.98552631578947,99.98552631578947,-144.44444444461112,99.98551764543247,?,?,?,152000.0,54896.0,9.0,5.0,5.0,4.0,0.0,0.0,1.0
153000.0,1.109627621,9.094768396320033E-9,153000.0,99.98562091503268,99.98562091503268,-144.44444444438153,99.98561235767679,?,?,?,153000.0,54896.0,9.0,5.0,5.0,4.0,0.0,0.0,1.0
154000.0,1.115037461,9.171596966487256E-9,154000.0,99.9857142857143,99.9857142857143,-144.4444444442545,99.98570583916471,?,?,?,154000.0,54896.0,9.0,5.0,5.0,4.0,0.0,0.0,1.0
155000.0,1.12036166,9.247209294477688E-9,155000.0,99.9858064516129,99.9858064516129,-144.4444444446144,99.98579811373128,?,?,?,155000.0,54896.0,9.0,5.0,5.0,4.0,0.0,0.0,1.0
156000.0,1.125712622,9.323201700811175E-9,156000.0,99.98589743589743,99.98589743589743,-144.4444444447438,99.98588920460011,?,?,?,156000.0,54896.0,9.0,5.0,5.0,4.0,0.0,0.0,1.0
157000.0,1.131085105,9.399499740519875E-9,157000.0,99.98598726114649,99.98598726114649,-144.44444444435837,99.98597913440274,?,?,?,157000.0,54896.0,9.0,5.0,5.0,4.0,0.0,0.0,1.0
158000.0,1.136607172,9.477922117517644E-9,158000.0,99.98607594936709,99.98607594936709,-144.44444444433617,99.98606792519743,?,?,?,158000.0,54896.0,9.0,5.0,5.0,4.0,0.0,0.0,1.0
159000.0,1.141872477,9.552698054448189E-9,159000.0,99.98616352201259,99.98616352201259,-144.444444444597,99.98615559848719,?,?,?,159000.0,54896.0,9.0,5.0,5.0,4.0,0.0,0.0,1.0
160000.0,1.147369989,9.630771710311791E-9,160000.0,99.98625,99.98625,-144.44444444455408,99.98624217523717,?,?,?,160000.0,54896.0,9.0,5.0,5.0,4.0,0.0,0.0,1.0
161000.0,1.153034064,9.711210833015959E-9,161000.0,99.98633540372671,99.98633540372671,-144.44444444424585,99.98632767589135,?,?,?,161000.0,54896.0,9.0,5.0,5.0,4.0,0.0,0.0,1.0
162000.0,1.158551542,9.78956803871319E-9,162000.0,99.98641975308642,99.98641975308642,-144.44444444431122,99.98641212038861,?,?,?,162000.0,54896.0,9.0,5.0,5.0,4.0,0.0,0.0,1.0
163000.0,1.164213329,9.869974668077714E-9,163000.0,99.98650306748466,99.98650306748466,-144.4444444445785,99.98649552817831,?,?,?,163000.0,54896.0,9.0,5.0,5.0,4.0,0.0,0.0,1.0
164000.0,1.169931271,9.95117879022534E-9,164000.0,99.98658536585367,99.98658536585367,-144.4444444444669,99.98657791823511,?,?,?,164000.0,54896.0,9.0,5.0,5.0,4.0,0.0,0.0,1.0
165000.0,1.175296488,1.0027373640858055E-8,165000.0,99.98666666666666,99.98666666666666,-144.44444444458014,99.98665930907349,?,?,?,165000.0,54896.0,9.0,5.0,5.0,4.0,0.0,0.0,1.0
166000.0,1.180999429,1.0108364724287147E-8,166000.0,99.9867469879518,99.9867469879518,-144.44444444458097,99.98673971876148,?,?,?,166000.0,54896.0,9.0,5.0,5.0,4.0,0.0,0.0,1.0
167000.0,1.192447867,1.0307250085168833E-8,167000.0,99.98622754491018,99.98622754491018,-155.5555555556929,99.98622003606755,?,?,?,167000.0,67152.0,11.0,6.0,6.0,4.0,0.0,0.0,1.0
168000.0,1.198699562,1.0415856221324459E-8,168000.0,99.9857142857143,99.9857142857143,-166.6666666665976,99.98570654342531,?,?,?,168000.0,67152.0,11.0,6.0,6.0,4.0,0.0,0.0,1.0
169000.0,1.204798446,1.0521807683464145E-8,169000.0,99.98579881656805,99.98579881656805,-166.66666666645818,99.98579116565725,?,?,?,169000.0,67152.0,11.0,6.0,6.0,4.0,0.0,0.0,1.0
170000.0,1.210784186,1.0625793577438846E-8,170000.0,99.98588235294118,99.98588235294118,-166.66666666659677,99.98587479180033,?,?,?,170000.0,67152.0,11.0,6.0,6.0,4.0,0.0,0.0,1.0
171000.0,1.216969115,1.0733239836587265E-8,171000.0,99.9859649122807,99.9859649122807,-166.66666666645574,99.98595743933906,?,?,?,171000.0,67152.0,11.0,6.0,6.0,4.0,0.0,0.0,1.0
172000.0,1.223007316,1.083813709724074E-8,172000.0,99.9860465116279,99.9860465116279,-166.6666666668081,99.9860391253512,?,?,?,172000.0,67152.0,11.0,6.0,6.0,4.0,0.0,0.0,1.0
173000.0,1.229092609,1.0943852452853079E-8,173000.0,99.98612716763006,99.98612716763006,-166.66666666659552,99.98611986651939,?,?,?,173000.0,67152.0,11.0,6.0,6.0,4.0,0.0,0.0,1.0
174000.0,1.23514235,1.1048950189507261E-8,174000.0,99.98620689655172,99.98620689655172,-166.66666666645202,99.98619967914254,?,?,?,174000.0,67152.0,11.0,6.0,6.0,4.0,0.0,0.0,1.0
175000.0,1.2410734,1.115198599401241E-8,175000.0,99.98628571428571,99.98628571428571,-166.66666666652276,99.98627857914687,?,?,?,175000.0,67152.0,11.0,6.0,6.0,4.0,0.0,0.0,1.0
176000.0,1.247325076,1.1260591800094897E-8,176000.0,99.98636363636363,99.98636363636363,-166.66666666637718,99.98635658209642,?,?,?,176000.0,67152.0,11.0,6.0,6.0,4.0,0.0,0.0,1.0
177000.0,1.25368858,1.137114031243449E-8,177000.0,99.9864406779661,99.9864406779661,-166.66666666688502,99.98643370320335,?,?,?,177000.0,67152.0,11.0,6.0,6.0,4.0,0.0,0.0,1.0
178000.0,1.260112845,1.1482744381297386E-8,178000.0,99.98651685393259,99.98651685393259,-166.66666666695943,99.98650995733774,?,?,?,178000.0,67152.0,11.0,6.0,6.0,4.0,0.0,0.0,1.0
179000.0,1.266170027,1.1587971385015802E-8,179000.0,99.98659217877095,99.98659217877095,-166.66666666637224,99.98658535903728,?,?,?,179000.0,67152.0,11.0,6.0,6.0,4.0,0.0,0.0,1.0
180000.0,1.27214089,1.1691698831723389E-8,180000.0,99.98666666666666,99.98666666666666,-166.66666666666669,99.98665992251638,?,?,?,180000.0,67152.0,11.0,6.0,6.0,4.0,0.0,0.0,1.0
181000.0,1.278454013,1.180137211170669E-8,181000.0,99.9867403314917,99.9867403314917,-166.66666666696437,99.9867336616752,?,?,?,181000.0,67152.0,11.0,6.0,6.0,4.0,0.0,0.0,1.0
182000.0,1.287480037,1.1958791091758764E-8,182000.0,99.98626373626374,99.98626373626374,-177.77777777747843,99.98625686469609,?,?,?,182000.0,67416.0,13.0,7.0,7.0,5.0,0.0,0.0,1.0
183000.0,1.293513722,1.2064021981755898E-8,183000.0,99.98633879781421,99.98633879781421,-177.77777777785303,99.98633200115906,?,?,?,183000.0,67416.0,13.0,7.0,7.0,5.0,0.0,0.0,1.0
184000.0,1.299681813,1.2171596988656874E-8,184000.0,99.98641304347827,99.98641304347827,-177.77777777744993,99.98640632051722,?,?,?,184000.0,67416.0,13.0,7.0,7.0,5.0,0.0,0.0,1.0
185000.0,1.305804183,1.2278374595375117E-8,185000.0,99.98648648648648,99.98648648648648,-177.7777777780567,99.98647983602744,?,?,?,185000.0,67416.0,13.0,7.0,7.0,5.0,0.0,0.0,1.0
186000.0,1.311765378,1.2382341218640413E-8,186000.0,99.98655913978494,99.98655913978494,-177.77777777749733,99.98655256066141,?,?,?,186000.0,67416.0,13.0,7.0,7.0,5.0,0.0,0.0,1.0
187000.0,1.317889693,1.2489152747262275E-8,187000.0,99.98663101604278,99.98663101604278,-177.77777777775214,99.98662450711309,?,?,?,187000.0,67416.0,13.0,7.0,7.0,5.0,0.0,0.0,1.0
188000.0,1.323745192,1.2591275972314186E-8,188000.0,99.98670212765958,99.98670212765958,-177.7777777774428,99.98669568780633,?,?,?,188000.0,67416.0,13.0,7.0,7.0,5.0,0.0,0.0,1.0
189000.0,1.329788986,1.2696683169007309E-8,189000.0,99.9867724867725,99.9867724867725,-177.77777777754463,99.9867661149019,?,?,?,189000.0,67416.0,13.0,7.0,7.0,5.0,0.0,0.0,1.0
190000.0,1.335868181,1.2802707779227453E-8,190000.0,99.98684210526316,99.98684210526316,-177.7777777773611,99.98683580030436,?,?,?,190000.0,67416.0,13.0,7.0,7.0,5.0,0.0,0.0,1.0
191000.0,1.341913676,1.2908144642325747E-8,191000.0,99.9869109947644,99.9869109947644,-177.77777777793486,99.98690475566893,?,?,?,191000.0,67416.0,13.0,7.0,7.0,5.0,0.0,0.0,1.0
192000.0,1.347930166,1.3013075641766198E-8,192000.0,99.98697916666667,99.98697916666667,-177.77777777775145,99.98697299240786,?,?,?,192000.0,67416.0,13.0,7.0,7.0,5.0,0.0,0.0,1.0
193000.0,1.353992892,1.3118813023281602E-8,193000.0,99.98704663212436,99.98704663212436,-177.7777777779365,99.98704052169676,?,?,?,193000.0,67416.0,13.0,7.0,7.0,5.0,0.0,0.0,1.0
194000.0,1.359922672,1.3222231751121589E-8,194000.0,99.98711340206185,99.98711340206185,-177.77777777748528,99.98710735448071,?,?,?,194000.0,67416.0,13.0,7.0,7.0,5.0,0.0,0.0,1.0
195000.0,1.365935083,1.3327091610487559E-8,195000.0,99.98717948717949,99.98717948717949,-177.77777777796487,99.98717350148017,?,?,?,195000.0,67416.0,13.0,7.0,7.0,5.0,0.0,0.0,1.0
196000.0,1.37159591,1.3425819645399857E-8,196000.0,99.98724489795919,99.98724489795919,-177.7777777779927,99.98723897319674,?,?,?,196000.0,67416.0,13.0,7.0,7.0,5.0,0.0,0.0,1.0
197000.0,1.381339378,1.3631645199971075E-8,197000.0,99.98426395939086,99.98426395939086,-181.8181818184168,99.98425660714648,?,?,?,197000.0,81656.0,13.0,7.0,7.0,5.0,0.0,0.0,1.0
198000.0,1.388646264,1.3785999261906586E-8,198000.0,99.98434343434343,99.98434343434343,-181.81818181798198,99.98433615619379,?,?,?,198000.0,81656.0,13.0,7.0,7.0,5.0,0.0,0.0,1.0
199000.0,1.395883868,1.3938889778616535E-8,199000.0,99.98442211055276,99.98442211055276,-181.81818181847396,99.98441490538339,?,?,?,199000.0,81656.0,13.0,7.0,7.0,5.0,0.0,0.0,1.0
200000.0,1.405255005,1.4137490060225965E-8,200000.0,99.984,99.984,-190.90909090903585,99.98399263661284,?,?,?,200000.0,81920.0,15.0,8.0,8.0,5.0,0.0,0.0,1.0
201000.0,1.411854372,1.4277348878280164E-8,201000.0,99.98407960199005,99.98407960199005,-190.90909090923844,99.98407231170486,?,?,?,201000.0,81920.0,15.0,8.0,8.0,5.0,0.0,0.0,1.0
202000.0,1.418371573,1.4415466371803656E-8,202000.0,99.98415841584159,99.98415841584159,-190.90909090938746,99.98415119757513,?,?,?,202000.0,81920.0,15.0,8.0,8.0,5.0,0.0,0.0,1.0
203000.0,1.427031396,1.4598991944686414E-8,203000.0,99.98423645320197,99.98423645320197,-190.90909090899777,99.98422930589233,?,?,?,203000.0,81920.0,15.0,8.0,8.0,5.0,0.0,0.0,1.0
204000.0,1.435464219,1.4777706760461967E-8,204000.0,99.9843137254902,99.9843137254902,-190.90909090894118,99.9843066480962,?,?,?,204000.0,81920.0,15.0,8.0,8.0,5.0,0.0,0.0,1.0
205000.0,1.443958524,1.4957724549666883E-8,205000.0,99.98439024390244,99.98439024390244,-190.90909090912854,99.9843832354032,?,?,?,205000.0,81920.0,15.0,8.0,8.0,5.0,0.0,0.0,1.0
206000.0,1.452586239,1.5140569665328503E-8,206000.0,99.98446601941747,99.98446601941747,-190.909090909072,99.9844590788119,?,?,?,206000.0,81920.0,15.0,8.0,8.0,5.0,0.0,0.0,1.0
207000.0,1.461112347,1.5321261447961966E-8,207000.0,99.98454106280194,99.98454106280194,-190.909090908882,99.9845341891082,?,?,?,207000.0,81920.0,15.0,8.0,8.0,5.0,0.0,0.0,1.0
208000.0,1.472771775,1.560790669403557E-8,208000.0,99.98413461538462,99.98413461538462,-199.99999999979005,99.98412759489774,?,?,?,208000.0,95032.0,15.0,8.0,8.0,5.0,0.0,0.0,1.0
209000.0,1.481869068,1.583156224477002E-8,209000.0,99.98421052631579,99.98421052631579,-199.99999999978905,99.9842035728646,?,?,?,209000.0,95032.0,15.0,8.0,8.0,5.0,0.0,0.0,1.0
210000.0,1.490962872,1.6055132018975506E-8,210000.0,99.98428571428572,99.98428571428572,-200.00000000021197,99.98427882691465,?,?,?,210000.0,95032.0,15.0,8.0,8.0,5.0,0.0,0.0,1.0
211000.0,1.500227485,1.6282901106203604E-8,211000.0,99.98436018957347,99.98436018957347,-200.0,99.98435336734501,?,?,?,211000.0,95032.0,15.0,8.0,8.0,5.0,0.0,0.0,1.0
212000.0,1.509137982,1.650196430597662E-8,212000.0,99.98443396226415,99.98443396226415,-200.0,99.98442720425845,?,?,?,212000.0,95032.0,15.0,8.0,8.0,5.0,0.0,0.0,1.0
213000.0,1.51807614,1.6721707547184913E-8,213000.0,99.98450704225353,99.98450704225353,-199.99999999978502,99.98450034756796,?,?,?,213000.0,95032.0,15.0,8.0,8.0,5.0,0.0,0.0,1.0
214000.0,1.527099913,1.6943555620014674E-8,214000.0,99.98457943925234,99.98457943925234,-200.0,99.98457280700114,?,?,?,214000.0,95032.0,15.0,8.0,8.0,5.0,0.0,0.0,1.0
215000.0,1.53604159,1.7163385375297323E-8,215000.0,99.9846511627907,99.9846511627907,-199.999999999783,99.98464459210452,?,?,?,215000.0,95032.0,15.0,8.0,8.0,5.0,0.0,0.0,1.0
216000.0,1.545044615,1.738472336173472E-8,216000.0,99.98472222222222,99.98472222222222,-200.0,99.9847157122478,?,?,?,216000.0,95032.0,15.0,8.0,8.0,5.0,0.0,0.0,1.0
217000.0,1.553900892,1.7602453571137872E-8,217000.0,99.98479262672811,99.98479262672811,-200.0,99.98478617662788,?,?,?,217000.0,95032.0,15.0,8.0,8.0,5.0,0.0,0.0,1.0
218000.0,1.562848377,1.7822426115208206E-8,218000.0,99.98486238532111,99.98486238532111,-200.00000000022004,99.98485599427282,?,?,?,218000.0,95032.0,15.0,8.0,8.0,5.0,0.0,0.0,1.0
219000.0,1.57074937,1.801667081423725E-8,219000.0,99.98493150684932,99.98493150684932,-200.0,99.98492517404573,?,?,?,219000.0,95032.0,15.0,8.0,8.0,5.0,0.0,0.0,1.0
220000.0,1.577258981,1.817859472650621E-8,220000.0,99.98454545454545,99.98454545454545,-161.53846153818694,99.98453891872474,?,?,?,220000.0,96152.0,15.0,8.0,8.0,5.0,0.0,0.0,1.0
221000.0,1.583756063,1.8340206985022463E-8,221000.0,99.98461538461538,99.98461538461538,-161.5384615384325,99.98460890782094,?,?,?,221000.0,96152.0,15.0,8.0,8.0,5.0,0.0,0.0,1.0
222000.0,1.590308478,1.8503195629291653E-8,222000.0,99.9846846846847,99.9846846846847,-161.5384615385782,99.9846782661205,?,?,?,222000.0,96152.0,15.0,8.0,8.0,5.0,0.0,0.0,1.0
223000.0,1.596932856,1.866797432376486E-8,223000.0,99.98475336322869,99.98475336322869,-161.53846153860803,99.98474700211298,?,?,?,223000.0,96152.0,15.0,8.0,8.0,5.0,0.0,0.0,1.0
224000.0,1.60339928,1.8828823977065173E-8,224000.0,99.98482142857142,99.98482142857142,-161.53846153835855,99.98481512413636,?,?,?,224000.0,96152.0,15.0,8.0,8.0,5.0,0.0,0.0,1.0
225000.0,1.609833458,1.8988871524298774E-8,225000.0,99.98488888888889,99.98488888888889,-161.53846153823983,99.98488264038025,?,?,?,225000.0,96152.0,15.0,8.0,8.0,5.0,0.0,0.0,1.0
226000.0,1.616169998,1.9146490366200195E-8,226000.0,99.98495575221239,99.98495575221239,-161.53846153865453,99.98494955888928,?,?,?,226000.0,96152.0,15.0,8.0,8.0,5.0,0.0,0.0,1.0
227000.0,1.622679788,1.9308418731020973E-8,227000.0,99.98502202643171,99.98502202643171,-161.53846153872996,99.98501588756626,?,?,?,227000.0,96152.0,15.0,8.0,8.0,5.0,0.0,0.0,1.0
228000.0,1.628960858,1.9464657779350464E-8,228000.0,99.98508771929825,99.98508771929825,-161.5384615382968,99.98508163417534,?,?,?,228000.0,96152.0,15.0,8.0,8.0,5.0,0.0,0.0,1.0
229000.0,1.635345786,1.9623480252969183E-8,229000.0,99.98515283842795,99.98515283842795,-161.53846153837128,99.98514680634494,?,?,?,229000.0,96152.0,15.0,8.0,8.0,5.0,0.0,0.0,1.0
230000.0,1.641814986,1.9784398958134568E-8,230000.0,99.98521739130435,99.98521739130435,-161.53846153861264,99.98521141157076,?,?,?,230000.0,96152.0,15.0,8.0,8.0,5.0,0.0,0.0,1.0
231000.0,1.648300355,1.9945719860564502E-8,231000.0,99.98528138528138,99.98528138528138,-161.53846153826424,99.98527545721872,?,?,?,231000.0,96152.0,15.0,8.0,8.0,5.0,0.0,0.0,1.0
232000.0,1.654658865,2.010388519723382E-8,232000.0,99.9853448275862,99.9853448275862,-161.53846153855298,99.98533895052758,?,?,?,232000.0,96152.0,15.0,8.0,8.0,5.0,0.0,0.0,1.0
233000.0,1.660921667,2.025966983653191E-8,233000.0,99.98540772532188,99.98540772532188,-161.5384615385381,99.9854018986119,?,?,?,233000.0,96152.0,15.0,8.0,8.0,5.0,0.0,0.0,1.0
234000.0,1.667191101,2.0415619444118604E-8,234000.0,99.98547008547008,99.98547008547008,-161.5384615383232,99.98546430846447,?,?,?,234000.0,96152.0,15.0,8.0,8.0,5.0,0.0,0.0,1.0
235000.0,1.673556829,2.0573964325586953E-8,235000.0,99.98553191489363,99.98553191489363,-161.53846153826083,99.98552618695909,?,?,?,235000.0,96152.0,15.0,8.0,8.0,5.0,0.0,0.0,1.0
236000.0,1.679965433,2.0733375730026097E-8,236000.0,99.98559322033898,99.98559322033898,-161.53846153866309,99.98558754085298,?,?,?,236000.0,96152.0,15.0,8.0,8.0,5.0,0.0,0.0,1.0
237000.0,1.686369378,2.0892671243745005E-8,237000.0,99.98565400843881,99.98565400843881,-161.5384615382747,99.9856483767892,?,?,?,237000.0,96152.0,15.0,8.0,8.0,5.0,0.0,0.0,1.0
238000.0,1.692686368,2.104980378738915E-8,238000.0,99.9857142857143,99.9857142857143,-161.53846153838336,99.98570870129925,?,?,?,238000.0,96152.0,15.0,8.0,8.0,5.0,0.0,0.0,1.0
239000.0,1.699000748,2.120687140835035E-8,239000.0,99.9857740585774,99.9857740585774,-161.53846153852433,99.98576852080517,?,?,?,239000.0,96152.0,15.0,8.0,8.0,5.0,0.0,0.0,1.0
240000.0,1.705219738,2.136156624206031E-8,240000.0,99.98583333333333,99.98583333333333,-161.53846153843,99.98582784162195,?,?,?,240000.0,96152.0,15.0,8.0,8.0,5.0,0.0,0.0,1.0
241000.0,1.711438922,2.1516265901440958E-8,241000.0,99.98589211618257,99.98589211618257,-161.53846153860403,99.98588666995978,?,?,?,241000.0,96152.0,15.0,8.0,8.0,5.0,0.0,0.0,1.0
242000.0,1.717681219,2.1671540487247205E-8,242000.0,99.98595041322315,99.98595041322315,-161.53846153841386,99.98594501192608,?,?,?,242000.0,96152.0,15.0,8.0,8.0,5.0,0.0,0.0,1.0
243000.0,1.723921001,2.1826752513456673E-8,243000.0,99.98600823045267,99.98600823045267,-161.5384615384296,99.98600287352772,?,?,?,243000.0,96152.0,15.0,8.0,8.0,5.0,0.0,0.0,1.0
244000.0,1.730188215,2.198264689945098E-8,244000.0,99.98606557377049,99.98606557377049,-161.5384615386699,99.98606026067313,?,?,?,244000.0,96152.0,15.0,8.0,8.0,5.0,0.0,0.0,1.0
245000.0,1.736459701,2.2138647549698747E-8,245000.0,99.98612244897959,99.98612244897959,-161.5384615386386,99.98611717917413,?,?,?,245000.0,96152.0,15.0,8.0,8.0,5.0,0.0,0.0,1.0
246000.0,1.742722555,2.2294433482475575E-8,246000.0,99.98617886178862,99.98617886178862,-161.53846153829994,99.9861736347481,?,?,?,246000.0,96152.0,15.0,8.0,8.0,5.0,0.0,0.0,1.0
247000.0,1.748997513,2.2450520497303866E-8,247000.0,99.98623481781377,99.98623481781377,-161.53846153816946,99.98622963301972,?,?,?,247000.0,96152.0,15.0,8.0,8.0,5.0,0.0,0.0,1.0
248000.0,1.755342183,2.260834156963146E-8,248000.0,99.98629032258064,99.98629032258064,-161.53846153868963,99.98628517952297,?,?,?,248000.0,96152.0,15.0,8.0,8.0,5.0,0.0,0.0,1.0
249000.0,1.761626516,2.2764661783751923E-8,249000.0,99.9863453815261,99.9863453815261,-161.5384615381671,99.98634027970287,?,?,?,249000.0,96152.0,15.0,8.0,8.0,5.0,0.0,0.0,1.0
250000.0,1.767934122,2.2921560904232573E-8,250000.0,99.9864,99.9864,-161.53846153824801,99.98639493891727,?,?,?,250000.0,96152.0,15.0,8.0,8.0,5.0,0.0,0.0,1.0
251000.0,1.774167588,2.3076615822524243E-8,251000.0,99.98645418326694,99.98645418326694,-161.5384615382472,99.98644916243867,?,?,?,251000.0,96152.0,15.0,8.0,8.0,5.0,0.0,0.0,1.0
252000.0,1.780495911,2.323403026991006E-8,252000.0,99.98650793650793,99.98650793650793,-161.53846153852777,99.98650295545579,?,?,?,252000.0,96152.0,15.0,8.0,8.0,5.0,0.0,0.0,1.0
253000.0,1.786864533,2.339244713844524E-8,253000.0,99.98656126482214,99.98656126482214,-161.53846153824546,99.98655632307528,?,?,?,253000.0,96152.0,15.0,8.0,8.0,5.0,0.0,0.0,1.0
254000.0,1.793167382,2.354922793049572E-8,254000.0,99.98661417322835,99.98661417322835,-161.53846153821127,99.98660927032338,?,?,?,254000.0,96152.0,15.0,8.0,8.0,5.0,0.0,0.0,1.0
255000.0,1.799432621,2.3705073189172477E-8,255000.0,99.98666666666666,99.98666666666666,-161.53846153826052,99.98666180214745,?,?,?,255000.0,96152.0,15.0,8.0,8.0,5.0,0.0,0.0,1.0
256000.0,1.805736031,2.3861867935868598E-8,256000.0,99.98671875000001,99.98671875000001,-161.53846153829338,99.9867139234175,?,?,?,256000.0,96152.0,15.0,8.0,8.0,5.0,0.0,0.0,1.0
257000.0,1.812141687,2.4021206010012988E-8,257000.0,99.98677042801556,99.98677042801556,-161.53846153836025,99.9867656389277,?,?,?,257000.0,96152.0,15.0,8.0,8.0,5.0,0.0,0.0,1.0
258000.0,1.818480333,2.4178877237803403E-8,258000.0,99.98682170542635,99.98682170542635,-161.5384615384446,99.98681695339793,?,?,?,258000.0,96152.0,15.0,8.0,8.0,5.0,0.0,0.0,1.0
259000.0,1.824843173,2.4337150281452468E-8,259000.0,99.9868725868726,99.9868725868726,-161.53846153844452,99.98686787147508,?,?,?,259000.0,96152.0,15.0,8.0,8.0,5.0,0.0,0.0,1.0
260000.0,1.831204301,2.449538073980146E-8,260000.0,99.98653846153846,99.98653846153846,-133.3333333334616,99.98653359291436,?,?,?,260000.0,96152.0,15.0,8.0,8.0,5.0,0.0,0.0,1.0
261000.0,1.837515582,2.4652371274404642E-8,261000.0,99.98659003831418,99.98659003831418,-133.33333333333331,99.98658520693276,?,?,?,261000.0,96152.0,15.0,8.0,8.0,5.0,0.0,0.0,1.0
262000.0,1.843883105,2.481076080576413E-8,262000.0,99.98664122137406,99.98664122137406,-133.33333333346263,99.98663642680962,?,?,?,262000.0,96152.0,15.0,8.0,8.0,5.0,0.0,0.0,1.0
263000.0,1.850187293,2.496757490489218E-8,263000.0,99.98669201520912,99.98669201520912,-133.33333333359286,99.98668725704243,?,?,?,263000.0,96152.0,15.0,8.0,8.0,5.0,0.0,0.0,1.0
264000.0,1.856463272,2.512368731667805E-8,264000.0,99.98674242424242,99.98674242424242,-133.3333333335287,99.98673770206058,?,?,?,264000.0,96152.0,15.0,8.0,8.0,5.0,0.0,0.0,1.0
265000.0,1.862725802,2.5279465190087342E-8,265000.0,99.98679245283019,99.98679245283019,-133.33333333359485,99.9867877662265,?,?,?,265000.0,96152.0,15.0,8.0,8.0,5.0,0.0,0.0,1.0
266000.0,1.868950333,2.543429785390695E-8,266000.0,99.98684210526316,99.98684210526316,-133.33333333333331,99.98683745383707,?,?,?,266000.0,96152.0,15.0,8.0,8.0,5.0,0.0,0.0,1.0
267000.0,1.875216319,2.5590161693903308E-8,267000.0,99.98689138576779,99.98689138576779,-133.33333333306985,99.98688676912472,?,?,?,267000.0,96152.0,15.0,8.0,8.0,5.0,0.0,0.0,1.0
268000.0,1.881691507,2.5751229348120592E-8,268000.0,99.98694029850746,99.98694029850746,-133.33333333326723,99.98693571625869,?,?,?,268000.0,96152.0,15.0,8.0,8.0,5.0,0.0,0.0,1.0
269000.0,1.888117061,2.5911062376879987E-8,269000.0,99.98698884758365,99.98698884758365,-133.33333333333331,99.98698429934625,?,?,?,269000.0,96152.0,15.0,8.0,8.0,5.0,0.0,0.0,1.0
270000.0,1.894456673,2.6068757633525467E-8,270000.0,99.98703703703704,99.98703703703704,-133.33333333313348,99.98703252243374,?,?,?,270000.0,96152.0,15.0,8.0,8.0,5.0,0.0,0.0,1.0
271000.0,1.900858954,2.6228011755924676E-8,271000.0,99.9870848708487,99.9870848708487,-133.33333333313274,99.9870803895078,?,?,?,271000.0,96152.0,15.0,8.0,8.0,5.0,0.0,0.0,1.0
272000.0,1.907171247,2.6385027463614116E-8,272000.0,99.98713235294117,99.98713235294117,-133.33333333353465,99.9871279044964,?,?,?,272000.0,96152.0,15.0,8.0,8.0,5.0,0.0,0.0,1.0
273000.0,1.913442934,2.6541033113654705E-8,273000.0,99.98717948717949,99.98717948717949,-133.33333333319862,99.98717507126996,?,?,?,273000.0,96152.0,15.0,8.0,8.0,5.0,0.0,0.0,1.0
274000.0,1.919661811,2.6695725136535866E-8,274000.0,99.98722627737226,99.98722627737226,-133.33333333333331,99.98722189364234,?,?,?,274000.0,96152.0,15.0,8.0,8.0,5.0,0.0,0.0,1.0
275000.0,1.925733494,2.6846755768845066E-8,275000.0,99.98727272727272,99.98727272727272,-133.33333333353687,99.98726837537194,?,?,?,275000.0,96152.0,15.0,8.0,8.0,5.0,0.0,0.0,1.0
276000.0,1.935016995,2.7078313095964905E-8,276000.0,99.98659420289854,99.98659420289854,-117.64705882363545,99.98658958699552,?,?,?,276000.0,96416.0,17.0,9.0,9.0,5.0,0.0,0.0,1.0
277000.0,1.941691892,2.7244804305274867E-8,277000.0,99.98664259927797,99.98664259927797,-117.64705882339108,99.98663801664831,?,?,?,277000.0,96416.0,17.0,9.0,9.0,5.0,0.0,0.0,1.0
278000.0,1.94824755,2.7408321349544242E-8,278000.0,99.986690647482,99.986690647482,-117.64705882340125,99.98668609776722,?,?,?,278000.0,96416.0,17.0,9.0,9.0,5.0,0.0,0.0,1.0
279000.0,1.954815336,2.757214090116115E-8,279000.0,99.98673835125447,99.98673835125447,-117.64705882339008,99.98673383410122,?,?,?,279000.0,96416.0,17.0,9.0,9.0,5.0,0.0,0.0,1.0
280000.0,1.961416768,2.7736799681192884E-8,280000.0,99.98678571428572,99.98678571428572,-117.64705882337883,99.98678122934568,?,?,?,280000.0,96416.0,17.0,9.0,9.0,5.0,0.0,0.0,1.0
281000.0,1.970506013,2.7994343183144097E-8,281000.0,99.9864768683274,99.9864768683274,-123.52941176468428,99.98647229490398,?,?,?,281000.0,109528.0,17.0,9.0,9.0,5.0,0.0,0.0,1.0
282000.0,1.977380418,2.818912925586311E-8,282000.0,99.98652482269503,99.98652482269503,-123.52941176457588,99.98652028165516,?,?,?,282000.0,109528.0,17.0,9.0,9.0,5.0,0.0,0.0,1.0
283000.0,1.984154006,2.838105868171693E-8,283000.0,99.98657243816254,99.98657243816254,-123.52941176447759,99.9865679291635,?,?,?,283000.0,109528.0,17.0,9.0,9.0,5.0,0.0,0.0,1.0
284000.0,1.990860917,2.8571098816647294E-8,284000.0,99.98661971830985,99.98661971830985,-123.52941176482591,99.98661524101371,?,?,?,284000.0,109528.0,17.0,9.0,9.0,5.0,0.0,0.0,1.0
285000.0,1.997637351,2.8763108883831234E-8,285000.0,99.98666666666666,99.98666666666666,-123.52941176481538,99.98666222074026,?,?,?,285000.0,109528.0,17.0,9.0,9.0,5.0,0.0,0.0,1.0
286000.0,2.004448873,2.8956113168510297E-8,286000.0,99.9867132867133,99.9867132867133,-123.52941176479378,99.98670887182806,?,?,?,286000.0,109528.0,17.0,9.0,9.0,5.0,0.0,0.0,1.0
287000.0,2.011180142,2.9146843486686962E-8,287000.0,99.98675958188153,99.98675958188153,-123.52941176473895,99.98675519771353,?,?,?,287000.0,109528.0,17.0,9.0,9.0,5.0,0.0,0.0,1.0
288000.0,2.017947537,2.9338597434059615E-8,288000.0,99.98680555555556,99.98680555555556,-123.52941176467269,99.98680120178531,?,?,?,288000.0,109528.0,17.0,9.0,9.0,5.0,0.0,0.0,1.0
289000.0,2.024690355,2.9529654992827113E-8,289000.0,99.98685121107268,99.98685121107268,-123.52941176457266,99.98684688738513,?,?,?,289000.0,109528.0,17.0,9.0,9.0,5.0,0.0,0.0,1.0
290000.0,2.031391358,2.9719527724743306E-8,290000.0,99.98689655172413,99.98689655172413,-123.52941176493984,99.98689225780859,?,?,?,290000.0,109528.0,17.0,9.0,9.0,5.0,0.0,0.0,1.0
291000.0,2.038120652,2.991020208135041E-8,291000.0,99.98694158075601,99.98694158075601,-123.52941176444875,99.98693731630601,?,?,?,291000.0,109528.0,17.0,9.0,9.0,5.0,0.0,0.0,1.0
292000.0,2.044584074,3.00933429623002E-8,292000.0,99.98698630136987,99.98698630136987,-123.52941176452642,99.98698206608314,?,?,?,292000.0,109528.0,17.0,9.0,9.0,5.0,0.0,0.0,1.0
293000.0,2.051017602,3.027563679759908E-8,293000.0,99.98703071672355,99.98703071672355,-123.52941176488596,99.98702651030197,?,?,?,293000.0,109528.0,17.0,9.0,9.0,5.0,0.0,0.0,1.0
294000.0,2.057466555,3.046023625044359E-8,294000.0,99.98639455782313,99.98639455782313,-90.47619047603504,99.98639006747125,?,?,?,294000.0,110648.0,17.0,9.0,9.0,5.0,0.0,0.0,1.0
295000.0,2.06401594,3.064771054083896E-8,295000.0,99.9864406779661,99.9864406779661,-90.47619047622761,99.98643621801067,?,?,?,295000.0,110648.0,17.0,9.0,9.0,5.0,0.0,0.0,1.0
296000.0,2.070630316,3.083704518019947E-8,296000.0,99.98648648648648,99.98648648648648,-90.47619047633206,99.98648205661989,?,?,?,296000.0,110648.0,17.0,9.0,9.0,5.0,0.0,0.0,1.0
297000.0,2.077246309,3.102642610572693E-8,297000.0,99.98653198653199,99.98653198653199,-90.47619047603345,99.9865275864508,?,?,?,297000.0,110648.0,17.0,9.0,9.0,5.0,0.0,0.0,1.0
298000.0,2.086356725,3.1285191701348465E-8,298000.0,99.98624161073826,99.98624161073826,-95.23809523791519,99.98623713087818,?,?,?,298000.0,109792.0,19.0,10.0,10.0,5.0,0.0,0.0,1.0
299000.0,2.09288128,3.147051039159713E-8,299000.0,99.98628762541806,99.98628762541806,-95.23809523828342,99.98628317547833,?,?,?,299000.0,109792.0,19.0,10.0,10.0,5.0,0.0,0.0,1.0
300000.0,2.099724588,3.1664882709023865E-8,300000.0,99.98633333333333,99.98633333333333,-95.23809523806503,99.98632891301521,?,?,?,300000.0,109792.0,19.0,10.0,10.0,5.0,0.0,0.0,1.0
301000.0,2.106334555,3.185262737927753E-8,301000.0,99.98637873754153,99.98637873754153,-95.23809523805735,99.9863743465502,?,?,?,301000.0,109792.0,19.0,10.0,10.0,5.0,0.0,0.0,1.0
302000.0,2.112644539,3.203185155171075E-8,302000.0,99.98609271523179,99.98609271523179,-82.60869565212955,99.98608820080689,?,?,?,302000.0,109792.0,19.0,10.0,10.0,5.0,0.0,0.0,1.0
303000.0,2.119080979,3.221466748791852E-8,303000.0,99.98613861386139,99.98613861386139,-82.60869565226294,99.98613412919029,?,?,?,303000.0,109792.0,19.0,10.0,10.0,5.0,0.0,0.0,1.0
304000.0,2.125562362,3.2398759952241365E-8,304000.0,99.98618421052632,99.98618421052632,-82.60869565212288,99.98617975531586,?,?,?,304000.0,109792.0,19.0,10.0,10.0,5.0,0.0,0.0,1.0
305000.0,2.134189813,3.267207289603644E-8,305000.0,99.98590163934426,99.98590163934426,-72.00000000005417,99.9858970616692,?,?,?,305000.0,122456.0,19.0,10.0,10.0,5.0,0.0,0.0,1.0
306000.0,2.141214488,3.2894610770021895E-8,306000.0,99.9859477124183,99.9859477124183,-72.0000000000163,99.98594316461862,?,?,?,306000.0,122456.0,19.0,10.0,10.0,5.0,0.0,0.0,1.0
307000.0,2.147996604,3.31094645071361E-8,307000.0,99.98599348534202,99.98599348534202,-71.99999999995637,99.9859889671262,?,?,?,307000.0,122456.0,19.0,10.0,10.0,5.0,0.0,0.0,1.0
308000.0,2.154850286,3.332658541611087E-8,308000.0,99.98603896103896,99.98603896103896,-72.00000000004924,99.98603447211927,?,?,?,308000.0,122456.0,19.0,10.0,10.0,5.0,0.0,0.0,1.0
309000.0,2.161584915,3.3539934790956084E-8,309000.0,99.98608414239483,99.98608414239483,-71.9999999998573,99.98607968248727,?,?,?,309000.0,122456.0,19.0,10.0,10.0,5.0,0.0,0.0,1.0
310000.0,2.168309982,3.375298124685472E-8,310000.0,99.98612903225806,99.98612903225806,-71.9999999999229,99.98612460108228,?,?,?,310000.0,122456.0,19.0,10.0,10.0,5.0,0.0,0.0,1.0
311000.0,2.175077693,3.396737864142286E-8,311000.0,99.98617363344052,99.98617363344052,-72.00000000004972,99.98616923071975,?,?,?,311000.0,122456.0,19.0,10.0,10.0,5.0,0.0,0.0,1.0
312000.0,2.181754914,3.4178909362128236E-8,312000.0,99.98621794871795,99.98621794871795,-71.99999999988916,99.98621357417899,?,?,?,312000.0,122456.0,19.0,10.0,10.0,5.0,0.0,0.0,1.0
313000.0,2.188518264,3.43931686025941E-8,313000.0,99.98626198083068,99.98626198083068,-72.00000000007783,99.9862576342038,?,?,?,313000.0,122456.0,19.0,10.0,10.0,5.0,0.0,0.0,1.0
314000.0,2.195248263,3.460637130156369E-8,314000.0,99.98630573248407,99.98630573248407,-72.00000000003904,99.98630141350297,?,?,?,314000.0,122456.0,19.0,10.0,10.0,5.0,0.0,0.0,1.0
315000.0,2.201915879,3.481759774110593E-8,315000.0,99.9863492063492,99.9863492063492,-71.99999999997202,99.98634491475099,?,?,?,315000.0,122456.0,19.0,10.0,10.0,5.0,0.0,0.0,1.0
316000.0,2.208393052,3.5022791050242075E-8,316000.0,99.9863924050633,99.9863924050633,-72.00000000006175,99.98638814058836,?,?,?,316000.0,122456.0,19.0,10.0,10.0,5.0,0.0,0.0,1.0
317000.0,2.214796098,3.522563605643397E-8,317000.0,99.98643533123028,99.98643533123028,-72.0000000000563,99.9864310936223,?,?,?,317000.0,122456.0,19.0,10.0,10.0,5.0,0.0,0.0,1.0
318000.0,2.224066453,3.551931584842298E-8,318000.0,99.98647798742138,99.98647798742138,-71.99999999989267,99.98647377642726,?,?,?,318000.0,122456.0,19.0,10.0,10.0,5.0,0.0,0.0,1.0
319000.0,2.234865753,3.5861431784395974E-8,319000.0,99.98652037617555,99.98652037617555,-72.00000000002267,99.98651619154533,?,?,?,319000.0,122456.0,19.0,10.0,10.0,5.0,0.0,0.0,1.0
320000.0,2.24403534,3.6151919301086016E-8,320000.0,99.98656249999999,99.98656249999999,-71.99999999993747,99.9865583414869,?,?,?,320000.0,122456.0,19.0,10.0,10.0,5.0,0.0,0.0,1.0
321000.0,2.251647965,3.639528882902324E-8,321000.0,99.98629283489096,99.98629283489096,-62.962962962889634,99.9862885634154,?,?,?,321000.0,123576.0,19.0,10.0,10.0,5.0,0.0,0.0,1.0
322000.0,2.25890194,3.662719260353183E-8,322000.0,99.98633540372671,99.98633540372671,-62.96296296283056,99.98633115874496,?,?,?,322000.0,123576.0,19.0,10.0,10.0,5.0,0.0,0.0,1.0
323000.0,2.265691574,3.684425176793918E-8,323000.0,99.98637770897832,99.98637770897832,-62.96296296302691,99.98637349024465,?,?,?,323000.0,123576.0,19.0,10.0,10.0,5.0,0.0,0.0,1.0
324000.0,2.272376333,3.705795816254079E-8,324000.0,99.98641975308642,99.98641975308642,-62.96296296298271,99.98641556035814,?,?,?,324000.0,123576.0,19.0,10.0,10.0,5.0,0.0,0.0,1.0
325000.0,2.279171334,3.727518890564228E-8,325000.0,99.98646153846154,99.98646153846154,-62.96296296292336,99.98645737149891,?,?,?,325000.0,123576.0,19.0,10.0,10.0,5.0,0.0,0.0,1.0
326000.0,2.285923319,3.749104446165472E-8,326000.0,99.98650306748466,99.98650306748466,-62.96296296283388,99.98649892605094,?,?,?,326000.0,123576.0,19.0,10.0,10.0,5.0,0.0,0.0,1.0
327000.0,2.2926807,3.7707072523468086E-8,327000.0,99.98654434250764,99.98654434250764,-62.96296296292312,99.98654022636892,?,?,?,327000.0,123576.0,19.0,10.0,10.0,5.0,0.0,0.0,1.0
328000.0,2.299275784,3.791791208009755E-8,328000.0,99.98658536585367,99.98658536585367,-62.962962962868055,99.9865812747789,?,?,?,328000.0,123576.0,19.0,10.0,10.0,5.0,0.0,0.0,1.0
329000.0,2.306148666,3.8137632616431366E-8,329000.0,99.98662613981763,99.98662613981763,-62.962962963038116,99.98662207357859,?,?,?,329000.0,123576.0,19.0,10.0,10.0,5.0,0.0,0.0,1.0
330000.0,2.313022962,3.8357398357213387E-8,330000.0,99.98666666666666,99.98666666666666,-62.96296296294286,99.9866626250379,?,?,?,330000.0,123576.0,19.0,10.0,10.0,5.0,0.0,0.0,1.0
331000.0,2.319664721,3.8569730076233144E-8,331000.0,99.98670694864047,99.98670694864047,-62.962962963088984,99.98670293139921,?,?,?,331000.0,123576.0,19.0,10.0,10.0,5.0,0.0,0.0,1.0
332000.0,2.326223912,3.8779422162382153E-8,332000.0,99.9867469879518,99.9867469879518,-62.96296296294274,99.98674299487797,?,?,?,332000.0,123576.0,19.0,10.0,10.0,5.0,0.0,0.0,1.0
333000.0,2.332959413,3.899475073810875E-8,333000.0,99.98678678678678,99.98678678678678,-62.962962963003534,99.98678281766296,?,?,?,333000.0,123576.0,19.0,10.0,10.0,5.0,0.0,0.0,1.0
334000.0,2.339705365,3.921041342394014E-8,334000.0,99.9868263473054,99.9868263473054,-62.96296296300874,99.98682240191674,?,?,?,334000.0,123576.0,19.0,10.0,10.0,5.0,0.0,0.0,1.0
335000.0,2.346381209,3.942383481312751E-8,335000.0,99.9868656716418,99.9868656716418,-62.96296296302418,99.98686174977604,?,?,?,335000.0,123576.0,19.0,10.0,10.0,5.0,0.0,0.0,1.0
336000.0,2.353049575,3.9637017136640445E-8,336000.0,99.98690476190475,99.98690476190475,-62.96296296297832,99.98690086335219,?,?,?,336000.0,123576.0,19.0,10.0,10.0,5.0,0.0,0.0,1.0
337000.0,2.359675104,3.984882999555105E-8,337000.0,99.98694362017804,99.98694362017804,-62.96296296310667,99.98693974473137,?,?,?,337000.0,123576.0,19.0,10.0,10.0,5.0,0.0,0.0,1.0
338000.0,2.366393135,4.0063600069361025E-8,338000.0,99.9869822485207,99.9869822485207,-62.96296296302988,99.98697839597513,?,?,?,338000.0,123576.0,19.0,10.0,10.0,5.0,0.0,0.0,1.0
339000.0,2.373129964,4.027897110018466E-8,339000.0,99.98702064896754,99.98702064896754,-62.96296296287519,99.98701681912068,?,?,?,339000.0,123576.0,19.0,10.0,10.0,5.0,0.0,0.0,1.0
340000.0,2.379794488,4.0492030598032815E-8,340000.0,99.98705882352941,99.98705882352941,-62.96296296313901,99.98705501618123,?,?,?,340000.0,123576.0,19.0,10.0,10.0,5.0,0.0,0.0,1.0
341000.0,2.386301843,4.07000655287525E-8,341000.0,99.98709677419355,99.98709677419355,-62.96296296298374,99.98709298914638,?,?,?,341000.0,123576.0,19.0,10.0,10.0,5.0,0.0,0.0,1.0
342000.0,2.392766132,4.090672367392316E-8,342000.0,99.98713450292398,99.98713450292398,-62.962962962890046,99.98713073998246,?,?,?,342000.0,123576.0,19.0,10.0,10.0,5.0,0.0,0.0,1.0
343000.0,2.399246688,4.1113901862063353E-8,343000.0,99.98717201166181,99.98717201166181,-62.96296296304654,99.98716827063284,?,?,?,343000.0,123576.0,19.0,10.0,10.0,5.0,0.0,0.0,1.0
344000.0,2.405640954,4.1318321427971966E-8,344000.0,99.98720930232558,99.98720930232558,-62.962962962931535,99.98720558301832,?,?,?,344000.0,123576.0,19.0,10.0,10.0,5.0,0.0,0.0,1.0
345000.0,2.412061698,4.1523587474347E-8,345000.0,99.98724637681158,99.98724637681158,-62.9629629630733,99.98724267903741,?,?,?,345000.0,123576.0,19.0,10.0,10.0,5.0,0.0,0.0,1.0
346000.0,2.418512107,4.172980188702752E-8,346000.0,99.98728323699422,99.98728323699422,-62.962962963047275,99.98727956056663,?,?,?,346000.0,123576.0,19.0,10.0,10.0,5.0,0.0,0.0,1.0
347000.0,2.424920161,4.1934662244259906E-8,347000.0,99.98731988472622,99.98731988472622,-62.96296296302638,99.98731622946093,?,?,?,347000.0,123576.0,19.0,10.0,10.0,5.0,0.0,0.0,1.0
348000.0,2.431384318,4.214131616949622E-8,348000.0,99.98735632183909,99.98735632183909,-62.96296296288877,99.9873526875539,?,?,?,348000.0,123576.0,19.0,10.0,10.0,5.0,0.0,0.0,1.0
349000.0,2.437896854,4.2349516732638914E-8,349000.0,99.98739255014326,99.98739255014326,-62.962962963122415,99.98738893665806,?,?,?,349000.0,123576.0,19.0,10.0,10.0,5.0,0.0,0.0,1.0
350000.0,2.444372875,4.255654994045902E-8,350000.0,99.98742857142857,99.98742857142857,-62.96296296289899,99.98742497856531,?,?,?,350000.0,123576.0,19.0,10.0,10.0,5.0,0.0,0.0,1.0
351000.0,2.450836187,4.276317685172169E-8,351000.0,99.98746438746439,99.98746438746439,-62.96296296295761,99.98746081504703,?,?,?,351000.0,123576.0,19.0,10.0,10.0,5.0,0.0,0.0,1.0
352000.0,2.457305097,4.29699827265636E-8,352000.0,99.9875,99.9875,-62.96296296311843,99.9874964478545,?,?,?,352000.0,123576.0,19.0,10.0,10.0,5.0,0.0,0.0,1.0
353000.0,2.463849226,4.3179193292628566E-8,353000.0,99.98753541076488,99.98753541076488,-62.9629629630436,99.98753187871918,?,?,?,353000.0,123576.0,19.0,10.0,10.0,5.0,0.0,0.0,1.0
354000.0,2.470476321,4.3391056215305716E-8,354000.0,99.98757062146892,99.98757062146892,-62.96296296291983,99.98756710935292,?,?,?,354000.0,123576.0,19.0,10.0,10.0,5.0,0.0,0.0,1.0
355000.0,2.477127141,4.3603677607242854E-8,355000.0,99.98760563380281,99.98760563380281,-62.96296296294675,99.98760214144829,?,?,?,355000.0,123576.0,19.0,10.0,10.0,5.0,0.0,0.0,1.0
356000.0,2.48395521,4.382196550783599E-8,356000.0,99.9876404494382,99.9876404494382,-62.9629629630714,99.98763697667884,?,?,?,356000.0,123576.0,19.0,10.0,10.0,5.0,0.0,0.0,1.0
357000.0,2.490679281,4.403692867561141E-8,357000.0,99.98767507002802,99.98767507002802,-62.96296296281073,99.98767161669936,?,?,?,357000.0,123576.0,19.0,10.0,10.0,5.0,0.0,0.0,1.0
358000.0,2.497511398,4.425534598752443E-8,358000.0,99.9877094972067,99.9877094972067,-62.96296296295206,99.98770606314613,?,?,?,358000.0,123576.0,19.0,10.0,10.0,5.0,0.0,0.0,1.0
359000.0,2.50414586,4.446744442729487E-8,359000.0,99.98774373259053,99.98774373259053,-62.962962963066836,99.98774031763722,?,?,?,359000.0,123576.0,19.0,10.0,10.0,5.0,0.0,0.0,1.0
360000.0,2.510899825,4.468336328232248E-8,360000.0,99.98777777777778,99.98777777777778,-62.96296296289169,99.98777438177271,?,?,?,360000.0,123576.0,19.0,10.0,10.0,5.0,0.0,0.0,1.0
361000.0,2.517781842,4.490337585729444E-8,361000.0,99.98781163434903,99.98781163434903,-51.72413793101065,99.98780822335334,?,?,?,361000.0,123576.0,19.0,10.0,10.0,5.0,0.0,0.0,1.0
362000.0,2.524518455,4.511873998277097E-8,362000.0,99.9878453038674,99.9878453038674,-51.7241379310297,99.9878419116936,?,?,?,362000.0,123576.0,19.0,10.0,10.0,5.0,0.0,0.0,1.0
363000.0,2.53114971,4.5330735897318364E-8,363000.0,99.9878787878788,99.9878787878788,-51.72413793093384,99.9878754143715,?,?,?,363000.0,123576.0,19.0,10.0,10.0,5.0,0.0,0.0,1.0
364000.0,2.537812807,4.554374977511872E-8,364000.0,99.9879120879121,99.9879120879121,-51.724137930919156,99.98790873291765,?,?,?,364000.0,123576.0,19.0,10.0,10.0,5.0,0.0,0.0,1.0
365000.0,2.544660793,4.576267440625985E-8,365000.0,99.98794520547946,99.98794520547946,-51.72413793095257,99.98794186884591,?,?,?,365000.0,123576.0,19.0,10.0,10.0,5.0,0.0,0.0,1.0
366000.0,2.551431021,4.598185947009053E-8,366000.0,99.98770491803278,99.98770491803278,-55.172413793171096,99.9877015241911,?,?,?,366000.0,125144.0,19.0,10.0,10.0,5.0,0.0,0.0,1.0
367000.0,2.558253097,4.620272310474475E-8,367000.0,99.98773841961854,99.98773841961854,-55.17241379313251,99.98773504424923,?,?,?,367000.0,125144.0,19.0,10.0,10.0,5.0,0.0,0.0,1.0
368000.0,2.564981756,4.6420562378755886E-8,368000.0,99.98777173913044,99.98777173913044,-55.17241379317146,99.98776838208313,?,?,?,368000.0,125144.0,19.0,10.0,10.0,5.0,0.0,0.0,1.0
369000.0,2.571635281,4.6635969201365707E-8,369000.0,99.98780487804878,99.98780487804878,-55.17241379305473,99.98780153917468,?,?,?,369000.0,125144.0,19.0,10.0,10.0,5.0,0.0,0.0,1.0
370000.0,2.578411245,4.685533996729182E-8,370000.0,99.98783783783783,99.98783783783783,-55.17241379304972,99.98783451698976,?,?,?,370000.0,125144.0,19.0,10.0,10.0,5.0,0.0,0.0,1.0
371000.0,2.585005124,4.706881576005785E-8,371000.0,99.9878706199461,99.9878706199461,-55.17241379315242,99.98786731697848,?,?,?,371000.0,125144.0,19.0,10.0,10.0,5.0,0.0,0.0,1.0
372000.0,2.591680965,4.728494505964842E-8,372000.0,99.98790322580645,99.98790322580645,-55.172413793157475,99.98789994057526,?,?,?,372000.0,125144.0,19.0,10.0,10.0,5.0,0.0,0.0,1.0
373000.0,2.598431956,4.750350732863779E-8,373000.0,99.98793565683646,99.98793565683646,-55.17241379307391,99.98793238919922,?,?,?,373000.0,125144.0,19.0,10.0,10.0,5.0,0.0,0.0,1.0
374000.0,2.605390269,4.7728781614682343E-8,374000.0,99.9879679144385,99.9879679144385,-55.17241379320219,99.98796466425425,?,?,?,374000.0,125144.0,19.0,10.0,10.0,5.0,0.0,0.0,1.0
375000.0,2.612223111,4.794999379688875E-8,375000.0,99.988,99.988,-55.172413793034146,99.98799676712929,?,?,?,375000.0,125144.0,19.0,10.0,10.0,5.0,0.0,0.0,1.0
376000.0,2.618916048,4.8166676576783274E-8,376000.0,99.98803191489361,99.98803191489361,-55.17241379313324,99.98802869919845,?,?,?,376000.0,125144.0,19.0,10.0,10.0,5.0,0.0,0.0,1.0
377000.0,2.625597057,4.8382973189558845E-8,377000.0,99.98806366047745,99.98806366047745,-55.17241379306363,99.98806046182133,?,?,?,377000.0,125144.0,19.0,10.0,10.0,5.0,0.0,0.0,1.0
378000.0,2.632419774,4.860385757648698E-8,378000.0,99.98809523809524,99.98809523809524,-55.17241379295874,99.9880920563431,?,?,?,378000.0,125144.0,19.0,10.0,10.0,5.0,0.0,0.0,1.0
379000.0,2.639087967,4.881973927328364E-8,379000.0,99.98812664907652,99.98812664907652,-45.161290322593786,99.98812345274982,?,?,?,379000.0,125144.0,19.0,10.0,10.0,5.0,0.0,0.0,1.0
380000.0,2.645818738,4.9037646922961714E-8,380000.0,99.98815789473684,99.98815789473684,-45.16129032268601,99.98815471521303,?,?,?,380000.0,125144.0,19.0,10.0,10.0,5.0,0.0,0.0,1.0
381000.0,2.652494158,4.925376259274368E-8,381000.0,99.98818897637796,99.98818897637796,-45.16129032247941,99.9881858135249,?,?,?,381000.0,125144.0,19.0,10.0,10.0,5.0,0.0,0.0,1.0
382000.0,2.659091778,4.9467359499794756E-8,382000.0,99.98821989528795,99.98821989528795,-45.161290322651254,99.98821674897485,?,?,?,382000.0,125144.0,19.0,10.0,10.0,5.0,0.0,0.0,1.0
383000.0,2.665808008,4.9684796386890953E-8,383000.0,99.98825065274151,99.98825065274151,-45.16129032252755,99.98824752283898,?,?,?,383000.0,125144.0,19.0,10.0,10.0,5.0,0.0,0.0,1.0
384000.0,2.672420597,4.98988779129564E-8,384000.0,99.98828125,99.98828125,-45.161290322558465,99.98827813637998,?,?,?,384000.0,125144.0,19.0,10.0,10.0,5.0,0.0,0.0,1.0
385000.0,2.679132487,5.011617429323702E-8,385000.0,99.9883116883117,99.9883116883117,-45.161290322562856,99.98830859084745,?,?,?,385000.0,125144.0,19.0,10.0,10.0,5.0,0.0,0.0,1.0
386000.0,2.685762387,5.033081626019752E-8,386000.0,99.98834196891193,99.98834196891193,-45.161290322482536,99.98833888747805,?,?,?,386000.0,125144.0,19.0,10.0,10.0,5.0,0.0,0.0,1.0
386705.0,2.691167873,5.0505818016998896E-8,386705.0,99.98836322261155,99.98836322261155,-45.16129032254938,99.98836015240441,?,?,?,386705.0,125144.0,19.0,10.0,10.0,5.0,0.0,0.0,1.0
