learning evaluation instances,evaluation time (cpu seconds),model cost (RAM-Hours),classified instances,classifications correct (percent),Kappa Statistic (percent),Kappa Temporal Statistic (percent),Kappa M Statistic (percent),F1 Score (percent),Precision (percent),Recall (percent),model training instances,model serialized size (bytes)
1000.0,0.286899607,1.4486599592913977E-7,1000.0,8.799999999999999,8.799999999999999,-30299.99999999997,0.0,?,?,?,1000.0,1951816.0
2000.0,0.698491182,3.5269347973750284E-7,2000.0,0.0,0.0,-Infinity,0.0,?,?,?,2000.0,1951816.0
3000.0,1.031254519,5.20717732985117E-7,3000.0,0.0,0.0,-Infinity,0.0,?,?,?,3000.0,1951816.0
4000.0,1.455760439,7.35066137019758E-7,4000.0,0.0,0.0,-Infinity,0.0,?,?,?,4000.0,1951816.0
5000.0,1.757617011,8.874844459459744E-7,5000.0,0.0,0.0,-Infinity,0.0,?,?,?,5000.0,1951816.0
6000.0,2.090930432,1.055786456515524E-6,6000.0,0.0,0.0,-Infinity,0.0,?,?,?,6000.0,1951816.0
7000.0,2.395850134,1.2097514506489824E-6,7000.0,0.0,0.0,-Infinity,0.0,?,?,?,7000.0,1951816.0
8000.0,2.698938689,1.3627918323836247E-6,8000.0,0.0,0.0,-Infinity,0.0,?,?,?,8000.0,1951816.0
9000.0,3.066793401,1.5485349910039392E-6,9000.0,0.0,0.0,-Infinity,0.0,?,?,?,9000.0,1951816.0
10000.0,3.348656154,1.6908576970391348E-6,10000.0,0.0,0.0,-Infinity,0.0,?,?,?,10000.0,1951816.0
11000.0,3.647207246,1.841606949471231E-6,11000.0,0.0,0.0,-Infinity,0.0,?,?,?,11000.0,1951816.0
12000.0,3.977412528,2.0083395481603342E-6,12000.0,0.0,0.0,-Infinity,0.0,?,?,?,12000.0,1951816.0
13000.0,4.266799928,2.154461720821046E-6,13000.0,0.0,0.0,-Infinity,0.0,?,?,?,13000.0,1951816.0
14000.0,4.601808191,2.323619518461341E-6,14000.0,0.0,0.0,-Infinity,0.0,?,?,?,14000.0,1951816.0
15000.0,4.904873713,2.476648270000602E-6,15000.0,0.0,0.0,-Infinity,0.0,?,?,?,15000.0,1951816.0
16000.0,5.199797028,2.625565726517712E-6,16000.0,0.0,0.0,-Infinity,0.0,?,?,?,16000.0,1951816.0
17000.0,5.537377746,2.796022449797727E-6,17000.0,0.0,0.0,-Infinity,0.0,?,?,?,17000.0,1951816.0
18000.0,5.845288345,2.951497656082248E-6,18000.0,0.0,0.0,-Infinity,0.0,?,?,?,18000.0,1951816.0
19000.0,6.175628073,3.1182981414230356E-6,19000.0,0.0,0.0,-Infinity,0.0,?,?,?,19000.0,1951816.0
20000.0,6.490943011,3.2775120664693146E-6,20000.0,0.0,0.0,-Infinity,0.0,?,?,?,20000.0,1951816.0
21000.0,6.796540507,3.4318193033261824E-6,21000.0,0.0,0.0,-Infinity,0.0,?,?,?,21000.0,1951816.0
22000.0,7.109810749,3.590000787354122E-6,22000.0,0.0,0.0,-Infinity,0.0,?,?,?,22000.0,1951816.0
23000.0,7.42628667,3.7498009347389764E-6,23000.0,0.0,0.0,-Infinity,0.0,?,?,?,23000.0,1951816.0
24000.0,7.729306763,3.902806747531831E-6,24000.0,0.0,0.0,-Infinity,0.0,?,?,?,24000.0,1951816.0
25000.0,8.053190836,4.066347539000155E-6,25000.0,0.0,0.0,-Infinity,0.0,?,?,?,25000.0,1951816.0
26000.0,8.370655973,4.226647177348163E-6,26000.0,0.0,0.0,-Infinity,0.0,?,?,?,26000.0,1951816.0
27000.0,8.707906445,4.396937147469497E-6,27000.0,0.0,0.0,-Infinity,0.0,?,?,?,27000.0,1951816.0
28000.0,8.998952247,4.543896707326006E-6,28000.0,0.0,0.0,-Infinity,0.0,?,?,?,28000.0,1951816.0
29000.0,9.293830484,4.692791402329314E-6,29000.0,0.0,0.0,-Infinity,0.0,?,?,?,29000.0,1951816.0
30000.0,9.627083783,4.861063055124943E-6,30000.0,0.0,0.0,-Infinity,0.0,?,?,?,30000.0,1951816.0
31000.0,9.904878526,5.001331675669182E-6,31000.0,0.0,0.0,-Infinity,0.0,?,?,?,31000.0,1951816.0
32000.0,10.191706648,5.146161576234417E-6,32000.0,0.0,0.0,-Infinity,0.0,?,?,?,32000.0,1951816.0
33000.0,10.508980351,5.306364552626856E-6,33000.0,0.0,0.0,-Infinity,0.0,?,?,?,33000.0,1951816.0
34000.0,10.807802916,5.45725088160264E-6,34000.0,0.0,0.0,-Infinity,0.0,?,?,?,34000.0,1951816.0
35000.0,11.130723131,5.620304986279845E-6,35000.0,0.0,0.0,-Infinity,0.0,?,?,?,35000.0,1951816.0
36000.0,11.458867679,5.7859970457839116E-6,36000.0,0.0,0.0,-Infinity,0.0,?,?,?,36000.0,1951816.0
37000.0,11.767739692,5.941957704795491E-6,37000.0,0.0,0.0,-Infinity,0.0,?,?,?,37000.0,1951816.0
38000.0,12.143024303,6.13145248834671E-6,38000.0,0.0,0.0,-Infinity,0.0,?,?,?,38000.0,1951816.0
39000.0,12.438656678,6.280727974922305E-6,39000.0,0.0,0.0,-Infinity,0.0,?,?,?,39000.0,1951816.0
40000.0,12.752119295,6.439006596050774E-6,40000.0,0.0,0.0,-Infinity,0.0,?,?,?,40000.0,1951816.0
41000.0,13.06791953,6.598465565117718E-6,41000.0,0.0,0.0,-Infinity,0.0,?,?,?,41000.0,1951816.0
42000.0,13.374691469,6.753365820754347E-6,42000.0,0.0,0.0,-Infinity,0.0,?,?,?,42000.0,1951816.0
43000.0,13.724482922,6.929988186104418E-6,43000.0,0.0,0.0,-Infinity,0.0,?,?,?,43000.0,1951816.0
44000.0,14.026397179,7.082435622275048E-6,44000.0,0.0,0.0,-Infinity,0.0,?,?,?,44000.0,1951816.0
45000.0,14.317999361,7.229676118531776E-6,45000.0,0.0,0.0,-Infinity,0.0,?,?,?,45000.0,1951816.0
46000.0,14.616765545,7.380533978699945E-6,46000.0,0.0,0.0,-Infinity,0.0,?,?,?,46000.0,1951816.0
47000.0,14.902330895,7.524726259976243E-6,47000.0,0.0,0.0,-Infinity,0.0,?,?,?,47000.0,1951816.0
48000.0,15.230524697,7.690443189607662E-6,48000.0,0.0,0.0,-Infinity,0.0,?,?,?,48000.0,1951816.0
49000.0,15.529769486,7.841542714763478E-6,49000.0,0.0,0.0,-Infinity,0.0,?,?,?,49000.0,1951816.0
50000.0,15.793528592,7.974724234165383E-6,50000.0,0.0,0.0,-Infinity,0.0,?,?,?,50000.0,1951816.0
51000.0,16.114194694,8.136640155601083E-6,51000.0,0.0,0.0,-Infinity,0.0,?,?,?,51000.0,1951816.0
52000.0,16.401247278,8.281583395154538E-6,52000.0,0.0,0.0,-Infinity,0.0,?,?,?,52000.0,1951816.0
53000.0,16.721787791,8.443435902158434E-6,53000.0,0.0,0.0,-Infinity,0.0,?,?,?,53000.0,1951816.0
54000.0,17.036465466,8.602328050050227E-6,54000.0,0.0,0.0,-Infinity,0.0,?,?,?,54000.0,1951816.0
55000.0,17.318902962,8.744940964628992E-6,55000.0,0.0,0.0,-Infinity,0.0,?,?,?,55000.0,1951816.0
56000.0,17.62999781,8.902024013487768E-6,56000.0,0.0,0.0,-Infinity,0.0,?,?,?,56000.0,1951816.0
57000.0,17.948200291,9.062695963509603E-6,57000.0,0.0,0.0,-Infinity,0.0,?,?,?,57000.0,1951816.0
58000.0,18.265696448,9.223011264978384E-6,58000.0,0.0,0.0,-Infinity,0.0,?,?,?,58000.0,1951816.0
59000.0,18.633627506,9.408792973457448E-6,59000.0,0.0,0.0,-Infinity,0.0,?,?,?,59000.0,1951816.0
60000.0,18.909271458,9.547975581777731E-6,60000.0,0.0,0.0,-Infinity,0.0,?,?,?,60000.0,1951816.0
61000.0,19.232633673,9.711252868253162E-6,61000.0,0.0,0.0,-Infinity,0.0,?,?,?,61000.0,1951816.0
62000.0,19.534823925,9.863839664288954E-6,62000.0,0.0,0.0,-Infinity,0.0,?,?,?,62000.0,1951816.0
63000.0,19.862788495,1.0029440846386502E-5,63000.0,0.0,0.0,-Infinity,0.0,?,?,?,63000.0,1951816.0
64000.0,20.178177499,1.0188692170037007E-5,64000.0,0.0,0.0,-Infinity,0.0,?,?,?,64000.0,1951816.0
65000.0,20.517906358,1.0360233567460062E-5,65000.0,0.0,0.0,-Infinity,0.0,?,?,?,65000.0,1951816.0
66000.0,20.831320982,1.051848795518572E-5,66000.0,0.0,0.0,-Infinity,0.0,?,?,?,66000.0,1951816.0
67000.0,21.170020962,1.0689509834361315E-5,67000.0,0.0,0.0,-Infinity,0.0,?,?,?,67000.0,1951816.0
68000.0,21.467605302,1.0839770938716944E-5,68000.0,0.0,0.0,-Infinity,0.0,?,?,?,68000.0,1951816.0
69000.0,21.816998059,1.1016191988025781E-5,69000.0,0.0,0.0,-Infinity,0.0,?,?,?,69000.0,1951816.0
70000.0,22.183122429,1.1201061434340425E-5,70000.0,0.0,0.0,-Infinity,0.0,?,?,?,70000.0,1951816.0
71000.0,22.549975452,1.1386298803928424E-5,71000.0,0.0,0.0,-Infinity,0.0,?,?,?,71000.0,1951816.0
72000.0,22.891432569,1.155871286137012E-5,72000.0,0.0,0.0,-Infinity,0.0,?,?,?,72000.0,1951816.0
73000.0,23.245702637,1.1737596641537528E-5,73000.0,0.0,0.0,-Infinity,0.0,?,?,?,73000.0,1951816.0
74000.0,23.603414296,1.1918218205569506E-5,74000.0,0.0,0.0,-Infinity,0.0,?,?,?,74000.0,1951816.0
75000.0,23.949473971,1.2092956261135366E-5,75000.0,0.0,0.0,-Infinity,0.0,?,?,?,75000.0,1951816.0
76000.0,24.266545098,1.225305694957315E-5,76000.0,0.0,0.0,-Infinity,0.0,?,?,?,76000.0,1951816.0
77000.0,24.598277218,1.2420560504032481E-5,77000.0,0.0,0.0,-Infinity,0.0,?,?,?,77000.0,1951816.0
78000.0,24.945385194,1.2595827884716582E-5,78000.0,0.0,0.0,-Infinity,0.0,?,?,?,78000.0,1951816.0
79000.0,25.272693598,1.2761097744850749E-5,79000.0,0.0,0.0,-Infinity,0.0,?,?,?,79000.0,1951816.0
80000.0,25.610787235,1.2931813459499009E-5,80000.0,0.0,0.0,-Infinity,0.0,?,?,?,80000.0,1951816.0
81000.0,25.935547366,1.3095796604360523E-5,81000.0,0.0,0.0,-Infinity,0.0,?,?,?,81000.0,1951816.0
82000.0,26.255535371,1.3257370130077146E-5,82000.0,0.0,0.0,-Infinity,0.0,?,?,?,82000.0,1951816.0
83000.0,26.588892259,1.3425694088708288E-5,83000.0,0.0,0.0,-Infinity,0.0,?,?,?,83000.0,1951816.0
84000.0,26.900411844,1.3582991602651754E-5,84000.0,0.0,0.0,-Infinity,0.0,?,?,?,84000.0,1951816.0
85000.0,27.227959259,1.3748382148090842E-5,85000.0,0.0,0.0,-Infinity,0.0,?,?,?,85000.0,1951816.0
86000.0,27.528992961,1.3900384960170211E-5,86000.0,0.0,0.0,-Infinity,0.0,?,?,?,86000.0,1951816.0
87000.0,27.857787168,1.4066405056017838E-5,87000.0,0.0,0.0,-Infinity,0.0,?,?,?,87000.0,1951816.0
88000.0,28.238230859,1.4258504845794382E-5,88000.0,0.0,0.0,-Infinity,0.0,?,?,?,88000.0,1951816.0
89000.0,28.532018947,1.4406849085109557E-5,89000.0,0.0,0.0,-Infinity,0.0,?,?,?,89000.0,1951816.0
90000.0,28.879282318,1.4582194930353692E-5,90000.0,0.0,0.0,-Infinity,0.0,?,?,?,90000.0,1951816.0
91000.0,29.253910845,1.4771358433346297E-5,91000.0,0.0,0.0,-Infinity,0.0,?,?,?,91000.0,1951816.0
92000.0,29.609298457,1.4950806501928903E-5,92000.0,0.0,0.0,-Infinity,0.0,?,?,?,92000.0,1951816.0
93000.0,29.959643413,1.512770835097776E-5,93000.0,0.0,0.0,-Infinity,0.0,?,?,?,93000.0,1951816.0
94000.0,30.268158613,1.5283488842190766E-5,94000.0,0.0,0.0,-Infinity,0.0,?,?,?,94000.0,1951816.0
95000.0,30.605992478,1.5454073388553757E-5,95000.0,0.0,0.0,-Infinity,0.0,?,?,?,95000.0,1951816.0
96000.0,30.920006054,1.561263020882333E-5,96000.0,0.0,0.0,-Infinity,0.0,?,?,?,96000.0,1951816.0
97000.0,31.252610643,1.578057430445985E-5,97000.0,0.0,0.0,-Infinity,0.0,?,?,?,97000.0,1951816.0
98000.0,31.639025587,1.5975689196006084E-5,98000.0,0.0,0.0,-Infinity,0.0,?,?,?,98000.0,1951816.0
99000.0,31.961370493,1.613845280634583E-5,99000.0,0.0,0.0,-Infinity,0.0,?,?,?,99000.0,1951816.0
100000.0,32.313253098,1.6316131070030122E-5,100000.0,0.1,0.1,-49849.999999999956,0.0,?,?,?,100000.0,1951816.0
101000.0,32.64013548,1.6481185816236587E-5,101000.0,0.0,0.0,-Infinity,0.0,?,?,?,101000.0,1951816.0
102000.0,32.964175293,1.6644805246467933E-5,102000.0,0.0,0.0,-Infinity,0.0,?,?,?,102000.0,1951816.0
103000.0,33.303943904,1.6816366716114614E-5,103000.0,0.0,0.0,-Infinity,0.0,?,?,?,103000.0,1951816.0
104000.0,33.660167729,1.699623701890772E-5,104000.0,0.0,0.0,-Infinity,0.0,?,?,?,104000.0,1951816.0
105000.0,34.021984099,1.717893120009395E-5,105000.0,0.0,0.0,-Infinity,0.0,?,?,?,105000.0,1951816.0
106000.0,34.363899423,1.7351576622834784E-5,106000.0,0.1,0.1,-49849.999999999956,0.0,?,?,?,106000.0,1951816.0
107000.0,34.682684618,1.75125428062466E-5,107000.0,0.0,0.0,-Infinity,0.0,?,?,?,107000.0,1951816.0
108000.0,35.011607614,1.7678627932321858E-5,108000.0,0.0,0.0,-Infinity,0.0,?,?,?,108000.0,1951816.0
109000.0,35.341656706,1.7845281665026653E-5,109000.0,0.0,0.0,-Infinity,0.0,?,?,?,109000.0,1951816.0
110000.0,35.679118812,1.8015678496814698E-5,110000.0,0.0,0.0,-Infinity,0.0,?,?,?,110000.0,1951816.0
111000.0,36.027832325,1.8191756571242642E-5,111000.0,0.0,0.0,-Infinity,0.0,?,?,?,111000.0,1951816.0
112000.0,36.354447305,1.835667629650067E-5,112000.0,0.0,0.0,-Infinity,0.0,?,?,?,112000.0,1951816.0
113000.0,36.688900389,1.8525553764169116E-5,113000.0,0.0,0.0,-Infinity,0.0,?,?,?,113000.0,1951816.0
114000.0,37.028954573,1.8697259429959836E-5,114000.0,0.0,0.0,-Infinity,0.0,?,?,?,114000.0,1951816.0
115000.0,37.313987751,1.8841182998331323E-5,115000.0,0.0,0.0,-Infinity,0.0,?,?,?,115000.0,1951816.0
116000.0,37.671122849,1.902151343584573E-5,116000.0,0.0,0.0,-Infinity,0.0,?,?,?,116000.0,1951816.0
117000.0,38.030188719,1.9202818790027387E-5,117000.0,0.0,0.0,-Infinity,0.0,?,?,?,117000.0,1951816.0
118000.0,38.333339626,1.9355890655543665E-5,118000.0,0.0,0.0,-Infinity,0.0,?,?,?,118000.0,1951816.0
119000.0,38.709180192,1.954566616089722E-5,119000.0,0.0,0.0,-Infinity,0.0,?,?,?,119000.0,1951816.0
120000.0,39.042990581,1.971421910859777E-5,120000.0,0.0,0.0,-Infinity,0.0,?,?,?,120000.0,1951816.0
121000.0,39.396148737,1.9892541444150632E-5,121000.0,0.0,0.0,-Infinity,0.0,?,?,?,121000.0,1951816.0
122000.0,39.738724207,2.0065520198500905E-5,122000.0,0.0,0.0,-Infinity,0.0,?,?,?,122000.0,1951816.0
123000.0,40.038910555,2.0217095150875626E-5,123000.0,0.0,0.0,-Infinity,0.0,?,?,?,123000.0,1951816.0
124000.0,40.367031608,2.038277534690379E-5,124000.0,0.1,0.1,-49849.999999999956,0.0,?,?,?,124000.0,1951816.0
125000.0,40.66934553,2.0535424588398825E-5,125000.0,0.0,0.0,-Infinity,0.0,?,?,?,125000.0,1951816.0
126000.0,41.002286655,2.0703538613242692E-5,126000.0,0.0,0.0,-Infinity,0.0,?,?,?,126000.0,1951816.0
127000.0,41.387900431,2.0898248966067386E-5,127000.0,0.0,0.0,-Infinity,0.0,?,?,?,127000.0,1951816.0
128000.0,41.694831767,2.1053229707018702E-5,128000.0,0.0,0.0,-Infinity,0.0,?,?,?,128000.0,1951816.0
129000.0,42.013942508,2.1214360270389084E-5,129000.0,0.0,0.0,-Infinity,0.0,?,?,?,129000.0,1951816.0
130000.0,42.427633819,2.1423247986903962E-5,130000.0,0.0,0.0,-Infinity,0.0,?,?,?,130000.0,1951816.0
131000.0,42.875718679,2.1649502251186274E-5,131000.0,0.0,0.0,-Infinity,0.0,?,?,?,131000.0,1951816.0
132000.0,43.30285223,2.1865177441220136E-5,132000.0,0.0,0.0,-Infinity,0.0,?,?,?,132000.0,1951816.0
133000.0,43.678283121,2.205474608683797E-5,133000.0,0.0,0.0,-Infinity,0.0,?,?,?,133000.0,1951816.0
134000.0,44.062018414,2.2248507925604118E-5,134000.0,0.0,0.0,-Infinity,0.0,?,?,?,134000.0,1951816.0
135000.0,44.402600057,2.242047992453536E-5,135000.0,0.0,0.0,-Infinity,0.0,?,?,?,135000.0,1951816.0
136000.0,44.808828444,2.2625599340601492E-5,136000.0,0.0,0.0,-Infinity,0.0,?,?,?,136000.0,1951816.0
137000.0,45.192296735,2.2819226360393682E-5,137000.0,0.0,0.0,-Infinity,0.0,?,?,?,137000.0,1951816.0
138000.0,45.586293801,2.3018169739773248E-5,138000.0,0.0,0.0,-Infinity,0.0,?,?,?,138000.0,1951816.0
139000.0,46.006519681,2.323035699669549E-5,139000.0,0.0,0.0,-Infinity,0.0,?,?,?,139000.0,1951816.0
140000.0,46.413369775,2.343579033512866E-5,140000.0,0.0,0.0,-Infinity,0.0,?,?,?,140000.0,1951816.0
141000.0,46.832722573,2.3647536741347825E-5,141000.0,0.0,0.0,-Infinity,0.0,?,?,?,141000.0,1951816.0
142000.0,47.234458061,2.385038753008801E-5,142000.0,0.0,0.0,-Infinity,0.0,?,?,?,142000.0,1951816.0
143000.0,47.616873274,2.4043482812681755E-5,143000.0,0.0,0.0,-Infinity,0.0,?,?,?,143000.0,1951816.0
144000.0,48.009740881,2.424185588733136E-5,144000.0,0.0,0.0,-Infinity,0.0,?,?,?,144000.0,1951816.0
145000.0,48.341208278,2.440922577356632E-5,145000.0,0.0,0.0,-Infinity,0.0,?,?,?,145000.0,1951816.0
146000.0,48.726887617,2.460396923152277E-5,146000.0,0.0,0.0,-Infinity,0.0,?,?,?,146000.0,1951816.0
147000.0,49.122281919,2.4803618125931807E-5,147000.0,0.0,0.0,-Infinity,0.0,?,?,?,147000.0,1951816.0
148000.0,49.499512803,2.4994095653166236E-5,148000.0,0.0,0.0,-Infinity,0.0,?,?,?,148000.0,1951816.0
149000.0,49.897215475,2.5194910127139915E-5,149000.0,0.0,0.0,-Infinity,0.0,?,?,?,149000.0,1951816.0
150000.0,50.278030058,2.5387197193711724E-5,150000.0,0.0,0.0,-Infinity,0.0,?,?,?,150000.0,1951816.0
151000.0,50.643856874,2.5571916394241777E-5,151000.0,0.0,0.0,-Infinity,0.0,?,?,?,151000.0,1951816.0
152000.0,51.011867972,2.5757738517813897E-5,152000.0,0.0,0.0,-Infinity,0.0,?,?,?,152000.0,1951816.0
153000.0,51.40810432,2.5957812591726257E-5,153000.0,0.0,0.0,-Infinity,0.0,?,?,?,153000.0,1951816.0
154000.0,51.844007924,2.6177916098952607E-5,154000.0,0.0,0.0,-Infinity,0.0,?,?,?,154000.0,1951816.0
155000.0,52.245336852,2.638056160083332E-5,155000.0,0.0,0.0,-Infinity,0.0,?,?,?,155000.0,1951816.0
156000.0,52.589637067,2.6554411241361382E-5,156000.0,0.0,0.0,-Infinity,0.0,?,?,?,156000.0,1951816.0
157000.0,53.005269671,2.676427918697722E-5,157000.0,0.0,0.0,-Infinity,0.0,?,?,?,157000.0,1951816.0
158000.0,53.394892734,2.6961013973924687E-5,158000.0,0.0,0.0,-Infinity,0.0,?,?,?,158000.0,1951816.0
159000.0,53.736360889,2.7133433604852103E-5,159000.0,0.0,0.0,-Infinity,0.0,?,?,?,159000.0,1951816.0
160000.0,54.115296711,2.7324772016993104E-5,160000.0,0.0,0.0,-Infinity,0.0,?,?,?,160000.0,1951816.0
161000.0,54.443973619,2.7490732884329985E-5,161000.0,0.0,0.0,-Infinity,0.0,?,?,?,161000.0,1951816.0
162000.0,54.773148191,2.7656945040233454E-5,162000.0,0.0,0.0,-Infinity,0.0,?,?,?,162000.0,1951816.0
163000.0,55.130874951,2.7837574229306914E-5,163000.0,0.0,0.0,-Infinity,0.0,?,?,?,163000.0,1951816.0
164000.0,55.47262946,2.8010138450733538E-5,164000.0,0.0,0.0,-Infinity,0.0,?,?,?,164000.0,1951816.0
165000.0,55.850383352,2.8200880063637485E-5,165000.0,0.0,0.0,-Infinity,0.0,?,?,?,165000.0,1951816.0
166000.0,56.176338638,2.8365466685517234E-5,166000.0,0.0,0.0,-Infinity,0.0,?,?,?,166000.0,1951816.0
167000.0,56.516956496,2.853745697071278E-5,167000.0,0.0,0.0,-Infinity,0.0,?,?,?,167000.0,1951816.0
168000.0,56.886213279,2.872390808572907E-5,168000.0,0.0,0.0,-Infinity,0.0,?,?,?,168000.0,1951816.0
169000.0,57.193681221,2.8879159778472282E-5,169000.0,0.0,0.0,-Infinity,0.0,?,?,?,169000.0,1951816.0
170000.0,57.559943375,2.906409879691563E-5,170000.0,0.0,0.0,-Infinity,0.0,?,?,?,170000.0,1951816.0
171000.0,57.900690137,2.923615417040647E-5,171000.0,0.0,0.0,-Infinity,0.0,?,?,?,171000.0,1951816.0
172000.0,58.193399948,2.938395394863602E-5,172000.0,0.0,0.0,-Infinity,0.0,?,?,?,172000.0,1951816.0
173000.0,58.559620332,2.95688718758945E-5,173000.0,0.0,0.0,-Infinity,0.0,?,?,?,173000.0,1951816.0
174000.0,58.868187502,2.9724678608641562E-5,174000.0,0.0,0.0,-Infinity,0.0,?,?,?,174000.0,1951816.0
175000.0,59.189201244,2.988677006609612E-5,175000.0,0.0,0.0,-Infinity,0.0,?,?,?,175000.0,1951816.0
176000.0,59.561707484,3.007486194956607E-5,176000.0,0.0,0.0,-Infinity,0.0,?,?,?,176000.0,1951816.0
177000.0,59.85763437,3.0224286145405416E-5,177000.0,0.0,0.0,-Infinity,0.0,?,?,?,177000.0,1951816.0
178000.0,60.228769819,3.0411685866883576E-5,178000.0,0.0,0.0,-Infinity,0.0,?,?,?,178000.0,1951816.0
179000.0,60.547248752,3.0572497407526414E-5,179000.0,0.0,0.0,-Infinity,0.0,?,?,?,179000.0,1951816.0
180000.0,60.857824061,3.0729318122339333E-5,180000.0,0.0,0.0,-Infinity,0.0,?,?,?,180000.0,1951816.0
181000.0,61.20586339,3.090505577686353E-5,181000.0,0.0,0.0,-Infinity,0.0,?,?,?,181000.0,1951816.0
182000.0,61.52804937,3.106773913971354E-5,182000.0,0.0,0.0,-Infinity,0.0,?,?,?,182000.0,1951816.0
183000.0,61.873635968,3.124223832157904E-5,183000.0,0.0,0.0,-Infinity,0.0,?,?,?,183000.0,1951816.0
184000.0,62.217342244,3.141578806080833E-5,184000.0,0.0,0.0,-Infinity,0.0,?,?,?,184000.0,1951816.0
185000.0,62.551036537,3.158428238743637E-5,185000.0,0.0,0.0,-Infinity,0.0,?,?,?,185000.0,1951816.0
186000.0,62.915619093,3.176837331605633E-5,186000.0,0.0,0.0,-Infinity,0.0,?,?,?,186000.0,1951816.0
187000.0,63.232176087,3.1928214400133325E-5,187000.0,0.0,0.0,-Infinity,0.0,?,?,?,187000.0,1951816.0
188000.0,63.607071277,3.211751255092652E-5,188000.0,0.0,0.0,-Infinity,0.0,?,?,?,188000.0,1951816.0
189000.0,63.97384542,3.2302710091147446E-5,189000.0,0.0,0.0,-Infinity,0.0,?,?,?,189000.0,1951816.0
190000.0,64.297044805,3.246590515886223E-5,190000.0,0.0,0.0,-Infinity,0.0,?,?,?,190000.0,1951816.0
191000.0,64.639303206,3.263872381359807E-5,191000.0,0.0,0.0,-Infinity,0.0,?,?,?,191000.0,1951816.0
192000.0,64.983040238,3.281228908264498E-5,192000.0,0.0,0.0,-Infinity,0.0,?,?,?,192000.0,1951816.0
193000.0,65.290253668,3.296741226306731E-5,193000.0,0.0,0.0,-Infinity,0.0,?,?,?,193000.0,1951816.0
194000.0,65.64663157,3.3147360364914544E-5,194000.0,0.0,0.0,-Infinity,0.0,?,?,?,194000.0,1951816.0
195000.0,66.035291016,3.334360858676052E-5,195000.0,0.0,0.0,-Infinity,0.0,?,?,?,195000.0,1951816.0
196000.0,66.378178524,3.351674490039123E-5,196000.0,0.0,0.0,-Infinity,0.0,?,?,?,196000.0,1951816.0
197000.0,66.898833357,3.377964237071737E-5,197000.0,0.1,0.1,-49849.999999999956,0.0,?,?,?,197000.0,1951816.0
198000.0,67.294501709,3.397942964289067E-5,198000.0,0.0,0.0,-Infinity,0.0,?,?,?,198000.0,1951816.0
199000.0,67.696418909,3.418237218459673E-5,199000.0,0.0,0.0,-Infinity,0.0,?,?,?,199000.0,1951816.0
200000.0,68.033325633,3.435248858391088E-5,200000.0,0.0,0.0,-Infinity,0.0,?,?,?,200000.0,1951816.0
201000.0,68.340783253,3.450773506470269E-5,201000.0,0.0,0.0,-Infinity,0.0,?,?,?,201000.0,1951816.0
202000.0,68.65160586,3.466468064922678E-5,202000.0,0.0,0.0,-Infinity,0.0,?,?,?,202000.0,1951816.0
203000.0,68.950564113,3.4815635491985E-5,203000.0,0.0,0.0,-Infinity,0.0,?,?,?,203000.0,1951816.0
204000.0,69.254609557,3.496915904161042E-5,204000.0,0.0,0.0,-Infinity,0.0,?,?,?,204000.0,1951816.0
205000.0,69.576845501,3.513186763309248E-5,205000.0,0.0,0.0,-Infinity,0.0,?,?,?,205000.0,1951816.0
206000.0,69.874069885,3.528194698263507E-5,206000.0,0.0,0.0,-Infinity,0.0,?,?,?,206000.0,1951816.0
207000.0,70.218742113,3.545598446599187E-5,207000.0,0.0,0.0,-Infinity,0.0,?,?,?,207000.0,1951816.0
208000.0,70.549134016,3.562281129637864E-5,208000.0,0.0,0.0,-Infinity,0.0,?,?,?,208000.0,1951816.0
209000.0,70.883083687,3.579143457260231E-5,209000.0,0.0,0.0,-Infinity,0.0,?,?,?,209000.0,1951816.0
210000.0,71.224898641,3.596402931489725E-5,210000.0,0.0,0.0,-Infinity,0.0,?,?,?,210000.0,1951816.0
211000.0,71.554930611,3.6130674402084506E-5,211000.0,0.0,0.0,-Infinity,0.0,?,?,?,211000.0,1951816.0
212000.0,71.856364716,3.628287939213119E-5,212000.0,0.0,0.0,-Infinity,0.0,?,?,?,212000.0,1951816.0
213000.0,72.192554263,3.645263366281976E-5,213000.0,0.0,0.0,-Infinity,0.0,?,?,?,213000.0,1951816.0
214000.0,72.507051902,3.6611434904018735E-5,214000.0,0.0,0.0,-Infinity,0.0,?,?,?,214000.0,1951816.0
215000.0,72.88114237,3.680032672154715E-5,215000.0,0.0,0.0,-Infinity,0.0,?,?,?,215000.0,1951816.0
216000.0,73.200509168,3.6961586577364833E-5,216000.0,0.0,0.0,-Infinity,0.0,?,?,?,216000.0,1951816.0
217000.0,73.526183235,3.712603120159274E-5,217000.0,0.0,0.0,-Infinity,0.0,?,?,?,217000.0,1951816.0
218000.0,73.907729019,3.731868747801533E-5,218000.0,0.0,0.0,-Infinity,0.0,?,?,?,218000.0,1951816.0
219000.0,74.252242758,3.749264493453951E-5,219000.0,0.0,0.0,-Infinity,0.0,?,?,?,219000.0,1951816.0
220000.0,74.580180742,3.7658232692403375E-5,220000.0,0.1,0.1,-49849.999999999956,0.0,?,?,?,220000.0,1951816.0
221000.0,74.912290451,3.782592690521567E-5,221000.0,0.0,0.0,-Infinity,0.0,?,?,?,221000.0,1951816.0
222000.0,75.220763517,3.798168612144703E-5,222000.0,0.0,0.0,-Infinity,0.0,?,?,?,222000.0,1951816.0
223000.0,75.563618425,3.815480597415779E-5,223000.0,0.0,0.0,-Infinity,0.0,?,?,?,223000.0,1951816.0
224000.0,75.861485256,3.83052097184441E-5,224000.0,0.0,0.0,-Infinity,0.0,?,?,?,224000.0,1951816.0
225000.0,76.183544599,3.8467829137689174E-5,225000.0,0.0,0.0,-Infinity,0.0,?,?,?,225000.0,1951816.0
226000.0,76.589227204,3.867267296866888E-5,226000.0,0.0,0.0,-Infinity,0.0,?,?,?,226000.0,1951816.0
227000.0,76.885552886,3.882229853104308E-5,227000.0,0.0,0.0,-Infinity,0.0,?,?,?,227000.0,1951816.0
228000.0,77.254568487,3.9008627864537966E-5,228000.0,0.0,0.0,-Infinity,0.0,?,?,?,228000.0,1951816.0
229000.0,77.580580511,3.917324313548755E-5,229000.0,0.0,0.0,-Infinity,0.0,?,?,?,229000.0,1951816.0
230000.0,77.881378378,3.932512686593935E-5,230000.0,0.0,0.0,-Infinity,0.0,?,?,?,230000.0,1951816.0
231000.0,78.22269721,3.949747109827931E-5,231000.0,0.0,0.0,-Infinity,0.0,?,?,?,231000.0,1951816.0
232000.0,78.550936961,3.9663211229223955E-5,232000.0,0.0,0.0,-Infinity,0.0,?,?,?,232000.0,1951816.0
233000.0,78.886280855,3.9832538499104345E-5,233000.0,0.0,0.0,-Infinity,0.0,?,?,?,233000.0,1951816.0
234000.0,79.238403045,4.001033773792693E-5,234000.0,0.0,0.0,-Infinity,0.0,?,?,?,234000.0,1951816.0
235000.0,79.567940706,4.0176733230608536E-5,235000.0,0.0,0.0,-Infinity,0.0,?,?,?,235000.0,1951816.0
236000.0,79.900883455,4.0344848075468784E-5,236000.0,0.0,0.0,-Infinity,0.0,?,?,?,236000.0,1951816.0
237000.0,80.224693916,4.0508351697573915E-5,237000.0,0.0,0.0,-Infinity,0.0,?,?,?,237000.0,1951816.0
238000.0,80.538837355,4.066697409037259E-5,238000.0,0.0,0.0,-Infinity,0.0,?,?,?,238000.0,1951816.0
239000.0,80.911618114,4.085520458842188E-5,239000.0,0.0,0.0,-Infinity,0.0,?,?,?,239000.0,1951816.0
240000.0,81.248334512,4.1025224885249767E-5,240000.0,0.0,0.0,-Infinity,0.0,?,?,?,240000.0,1951816.0
241000.0,81.572575555,4.118894592379165E-5,241000.0,0.0,0.0,-Infinity,0.0,?,?,?,241000.0,1951816.0
242000.0,81.910644009,4.135964892263171E-5,242000.0,0.0,0.0,-Infinity,0.0,?,?,?,242000.0,1951816.0
243000.0,82.233610783,4.1522726536633223E-5,243000.0,0.0,0.0,-Infinity,0.0,?,?,?,243000.0,1951816.0
244000.0,82.57108975,4.169313188215045E-5,244000.0,0.0,0.0,-Infinity,0.0,?,?,?,244000.0,1951816.0
245000.0,82.904195093,4.1861328826606404E-5,245000.0,0.0,0.0,-Infinity,0.0,?,?,?,245000.0,1951816.0
246000.0,83.223298928,4.202245590288742E-5,246000.0,0.0,0.0,-Infinity,0.0,?,?,?,246000.0,1951816.0
247000.0,83.555120499,4.219000462439434E-5,247000.0,0.0,0.0,-Infinity,0.0,?,?,?,247000.0,1951816.0
248000.0,83.883598058,4.235586483320567E-5,248000.0,0.0,0.0,-Infinity,0.0,?,?,?,248000.0,1951816.0
249000.0,84.233748102,4.253266826413087E-5,249000.0,0.0,0.0,-Infinity,0.0,?,?,?,249000.0,1951816.0
250000.0,84.567838525,4.270136261113387E-5,250000.0,0.0,0.0,-Infinity,0.0,?,?,?,250000.0,1951816.0
251000.0,84.879762892,4.285886451416025E-5,251000.0,0.0,0.0,-Infinity,0.0,?,?,?,251000.0,1951816.0
252000.0,85.211776844,4.3026510375797313E-5,252000.0,0.0,0.0,-Infinity,0.0,?,?,?,252000.0,1951816.0
253000.0,85.533377906,4.318889839237797E-5,253000.0,0.0,0.0,-Infinity,0.0,?,?,?,253000.0,1951816.0
254000.0,85.832024326,4.333969577936767E-5,254000.0,0.0,0.0,-Infinity,0.0,?,?,?,254000.0,1951816.0
255000.0,86.144125345,4.3497286880382785E-5,255000.0,0.0,0.0,-Infinity,0.0,?,?,?,255000.0,1951816.0
256000.0,86.418580576,4.363586926044432E-5,256000.0,0.0,0.0,-Infinity,0.0,?,?,?,256000.0,1951816.0
257000.0,86.747465253,4.3801935037869516E-5,257000.0,0.0,0.0,-Infinity,0.0,?,?,?,257000.0,1951816.0
258000.0,87.086336402,4.397304334646869E-5,258000.0,0.0,0.0,-Infinity,0.0,?,?,?,258000.0,1951816.0
259000.0,87.419720969,4.4141381281228774E-5,259000.0,0.0,0.0,-Infinity,0.0,?,?,?,259000.0,1951816.0
260000.0,87.743512654,4.4304875422651905E-5,260000.0,0.1,0.1,-49849.999999999956,0.0,?,?,?,260000.0,1951816.0
261000.0,88.050848914,4.446006062438708E-5,261000.0,0.0,0.0,-Infinity,0.0,?,?,?,261000.0,1951816.0
262000.0,88.352265967,4.461225700426177E-5,262000.0,0.0,0.0,-Infinity,0.0,?,?,?,262000.0,1951816.0
263000.0,88.692800093,4.478420501013983E-5,263000.0,0.0,0.0,-Infinity,0.0,?,?,?,263000.0,1951816.0
264000.0,88.9954209,4.493700920897909E-5,264000.0,0.0,0.0,-Infinity,0.0,?,?,?,264000.0,1951816.0
265000.0,89.344738753,4.511339243654717E-5,265000.0,0.0,0.0,-Infinity,0.0,?,?,?,265000.0,1951816.0
266000.0,89.678904843,4.528212499055725E-5,266000.0,0.0,0.0,-Infinity,0.0,?,?,?,266000.0,1951816.0
267000.0,90.045791086,4.546737913412565E-5,267000.0,0.0,0.0,-Infinity,0.0,?,?,?,267000.0,1951816.0
268000.0,90.390759773,4.5641566310361905E-5,268000.0,0.0,0.0,-Infinity,0.0,?,?,?,268000.0,1951816.0
269000.0,90.658313357,4.577666379904745E-5,269000.0,0.0,0.0,-Infinity,0.0,?,?,?,269000.0,1951816.0
270000.0,90.954473433,4.5926205740958125E-5,270000.0,0.0,0.0,-Infinity,0.0,?,?,?,270000.0,1951816.0
271000.0,91.254396028,4.6077647514896586E-5,271000.0,0.0,0.0,-Infinity,0.0,?,?,?,271000.0,1951816.0
272000.0,91.553714482,4.622878423617721E-5,272000.0,0.0,0.0,-Infinity,0.0,?,?,?,272000.0,1951816.0
273000.0,91.909542887,4.640845487710006E-5,273000.0,0.0,0.0,-Infinity,0.0,?,?,?,273000.0,1951816.0
274000.0,92.25787887,4.658434232296627E-5,274000.0,0.0,0.0,-Infinity,0.0,?,?,?,274000.0,1951816.0
275000.0,92.568147543,4.674100820616407E-5,275000.0,0.0,0.0,-Infinity,0.0,?,?,?,275000.0,1951816.0
276000.0,92.916592894,4.691695087589207E-5,276000.0,0.1,0.1,-49849.999999999956,0.0,?,?,?,276000.0,1951816.0
277000.0,93.210962254,4.706558862047923E-5,277000.0,0.0,0.0,-Infinity,0.0,?,?,?,277000.0,1951816.0
278000.0,93.515167971,4.7219193097743446E-5,278000.0,0.0,0.0,-Infinity,0.0,?,?,?,278000.0,1951816.0
279000.0,93.83690572,4.73816501325378E-5,279000.0,0.0,0.0,-Infinity,0.0,?,?,?,279000.0,1951816.0
280000.0,94.148248849,4.7538858547460025E-5,280000.0,0.0,0.0,-Infinity,0.0,?,?,?,280000.0,1951816.0
281000.0,94.512107883,4.772258414363425E-5,281000.0,0.0,0.0,-Infinity,0.0,?,?,?,281000.0,1951816.0
282000.0,94.844512689,4.7890427361602904E-5,282000.0,0.0,0.0,-Infinity,0.0,?,?,?,282000.0,1951816.0
283000.0,95.15946843,4.8049459915082716E-5,283000.0,0.0,0.0,-Infinity,0.0,?,?,?,283000.0,1951816.0
284000.0,95.570120656,4.8256813087581164E-5,284000.0,0.0,0.0,-Infinity,0.0,?,?,?,284000.0,1951816.0
285000.0,95.887827035,4.841723453774675E-5,285000.0,0.0,0.0,-Infinity,0.0,?,?,?,285000.0,1951816.0
286000.0,96.229269752,4.8589641324107235E-5,286000.0,0.0,0.0,-Infinity,0.0,?,?,?,286000.0,1951816.0
287000.0,96.614506057,4.8784161078161435E-5,287000.0,0.0,0.0,-Infinity,0.0,?,?,?,287000.0,1951816.0
288000.0,96.935242556,4.894611254559046E-5,288000.0,0.0,0.0,-Infinity,0.0,?,?,?,288000.0,1951816.0
289000.0,97.302454429,4.913153111153206E-5,289000.0,0.0,0.0,-Infinity,0.0,?,?,?,289000.0,1951816.0
290000.0,97.632937216,4.929840383253998E-5,290000.0,0.0,0.0,-Infinity,0.0,?,?,?,290000.0,1951816.0
291000.0,97.954500014,4.9460772528242065E-5,291000.0,0.0,0.0,-Infinity,0.0,?,?,?,291000.0,1951816.0
292000.0,98.359564335,4.9665304165251335E-5,292000.0,0.0,0.0,-Infinity,0.0,?,?,?,292000.0,1951816.0
293000.0,98.742358183,4.985859063436131E-5,293000.0,0.0,0.0,-Infinity,0.0,?,?,?,293000.0,1951816.0
294000.0,99.126380585,5.005249744485349E-5,294000.0,0.2,0.2,-24849.999999999978,0.0,?,?,?,294000.0,1951816.0
295000.0,99.430581971,5.020609973523904E-5,295000.0,0.0,0.0,-Infinity,0.0,?,?,?,295000.0,1951816.0
296000.0,99.729630873,5.035710034995841E-5,296000.0,0.0,0.0,-Infinity,0.0,?,?,?,296000.0,1951816.0
297000.0,100.039805154,5.051371857121889E-5,297000.0,0.0,0.0,-Infinity,0.0,?,?,?,297000.0,1951816.0
298000.0,100.405394132,5.069831767873417E-5,298000.0,0.0,0.0,-Infinity,0.0,?,?,?,298000.0,1951816.0
299000.0,100.722380892,5.0858375767219986E-5,299000.0,0.0,0.0,-Infinity,0.0,?,?,?,299000.0,1951816.0
300000.0,101.095449847,5.104675178586095E-5,300000.0,0.0,0.0,-Infinity,0.0,?,?,?,300000.0,1951816.0
301000.0,101.394306686,5.1197655421019884E-5,301000.0,0.0,0.0,-Infinity,0.0,?,?,?,301000.0,1951816.0
302000.0,101.760076958,5.138234607043772E-5,302000.0,0.1,0.1,-49849.999999999956,0.0,?,?,?,302000.0,1951816.0
303000.0,102.107715702,5.155788145509621E-5,303000.0,0.0,0.0,-Infinity,0.0,?,?,?,303000.0,1951816.0
304000.0,102.415323805,5.171320392020146E-5,304000.0,0.0,0.0,-Infinity,0.0,?,?,?,304000.0,1951816.0
305000.0,102.725759781,5.186995428073951E-5,305000.0,0.1,0.1,-49849.999999999956,0.0,?,?,?,305000.0,1951816.0
306000.0,103.05323381,5.2035307770930986E-5,306000.0,0.0,0.0,-Infinity,0.0,?,?,?,306000.0,1951816.0
307000.0,103.385335866,5.220299811946658E-5,307000.0,0.0,0.0,-Infinity,0.0,?,?,?,307000.0,1951816.0
308000.0,103.754771956,5.2389539773077203E-5,308000.0,0.0,0.0,-Infinity,0.0,?,?,?,308000.0,1951816.0
309000.0,104.037767627,5.253243453041666E-5,309000.0,0.0,0.0,-Infinity,0.0,?,?,?,309000.0,1951816.0
310000.0,104.376731715,5.270358976728086E-5,310000.0,0.0,0.0,-Infinity,0.0,?,?,?,310000.0,1951816.0
311000.0,104.702152666,5.286790658407881E-5,311000.0,0.0,0.0,-Infinity,0.0,?,?,?,311000.0,1951816.0
312000.0,104.990776023,5.3013642963774225E-5,312000.0,0.0,0.0,-Infinity,0.0,?,?,?,312000.0,1951816.0
313000.0,105.37006293,5.320515865143928E-5,313000.0,0.0,0.0,-Infinity,0.0,?,?,?,313000.0,1951816.0
314000.0,105.698849346,5.337117481332901E-5,314000.0,0.0,0.0,-Infinity,0.0,?,?,?,314000.0,1951816.0
315000.0,106.074147475,5.3560676422607714E-5,315000.0,0.0,0.0,-Infinity,0.0,?,?,?,315000.0,1951816.0
316000.0,106.417727229,5.373416227629973E-5,316000.0,0.0,0.0,-Infinity,0.0,?,?,?,316000.0,1951816.0
317000.0,106.764564316,5.390929287532288E-5,317000.0,0.0,0.0,-Infinity,0.0,?,?,?,317000.0,1951816.0
318000.0,107.124261103,5.4090916802333925E-5,318000.0,0.0,0.0,-Infinity,0.0,?,?,?,318000.0,1951816.0
319000.0,107.422916144,5.424171854237856E-5,319000.0,0.0,0.0,-Infinity,0.0,?,?,?,319000.0,1951816.0
320000.0,107.709563294,5.43864570636307E-5,320000.0,0.0,0.0,-Infinity,0.0,?,?,?,320000.0,1951816.0
321000.0,107.99549058,5.45308320994937E-5,321000.0,0.1,0.1,-49849.999999999956,0.0,?,?,?,321000.0,1951816.0
322000.0,108.278097745,5.467353068609175E-5,322000.0,0.0,0.0,-Infinity,0.0,?,?,?,322000.0,1951816.0
323000.0,108.602450526,5.483730814519419E-5,323000.0,0.0,0.0,-Infinity,0.0,?,?,?,323000.0,1951816.0
324000.0,108.933236603,5.500433400830072E-5,324000.0,0.0,0.0,-Infinity,0.0,?,?,?,324000.0,1951816.0
325000.0,109.246068858,5.5162294336839384E-5,325000.0,0.0,0.0,-Infinity,0.0,?,?,?,325000.0,1951816.0
326000.0,109.553351645,5.5317452538121396E-5,326000.0,0.0,0.0,-Infinity,0.0,?,?,?,326000.0,1951816.0
327000.0,109.86462843,5.547462745355669E-5,327000.0,0.0,0.0,-Infinity,0.0,?,?,?,327000.0,1951816.0
328000.0,110.204588966,5.5646285833082615E-5,328000.0,0.0,0.0,-Infinity,0.0,?,?,?,328000.0,1951816.0
329000.0,110.564941954,5.5828241099729816E-5,329000.0,0.0,0.0,-Infinity,0.0,?,?,?,329000.0,1951816.0
330000.0,110.881449096,5.5988057011727614E-5,330000.0,0.0,0.0,-Infinity,0.0,?,?,?,330000.0,1951816.0
331000.0,111.203758025,5.615080245597787E-5,331000.0,0.0,0.0,-Infinity,0.0,?,?,?,331000.0,1951816.0
332000.0,111.58002519,5.634079336660731E-5,332000.0,0.0,0.0,-Infinity,0.0,?,?,?,332000.0,1951816.0
333000.0,112.105667441,5.660620916480166E-5,333000.0,0.0,0.0,-Infinity,0.0,?,?,?,333000.0,1951816.0
334000.0,112.599327982,5.685547624003639E-5,334000.0,0.0,0.0,-Infinity,0.0,?,?,?,334000.0,1951816.0
335000.0,112.936628663,5.7025791562499145E-5,335000.0,0.0,0.0,-Infinity,0.0,?,?,?,335000.0,1951816.0
336000.0,113.281226512,5.7199791489206694E-5,336000.0,0.0,0.0,-Infinity,0.0,?,?,?,336000.0,1951816.0
337000.0,113.646975184,5.738447123200272E-5,337000.0,0.0,0.0,-Infinity,0.0,?,?,?,337000.0,1951816.0
338000.0,114.021906743,5.757378774682039E-5,338000.0,0.0,0.0,-Infinity,0.0,?,?,?,338000.0,1951816.0
339000.0,114.34641878,5.7737645620041525E-5,339000.0,0.0,0.0,-Infinity,0.0,?,?,?,339000.0,1951816.0
340000.0,114.696000147,5.7914161905366116E-5,340000.0,0.0,0.0,-Infinity,0.0,?,?,?,340000.0,1951816.0
341000.0,114.959228244,5.804707529910401E-5,341000.0,0.0,0.0,-Infinity,0.0,?,?,?,341000.0,1951816.0
342000.0,115.290693286,5.8214443996214234E-5,342000.0,0.0,0.0,-Infinity,0.0,?,?,?,342000.0,1951816.0
343000.0,115.626580195,5.8384045454022594E-5,343000.0,0.0,0.0,-Infinity,0.0,?,?,?,343000.0,1951816.0
344000.0,115.937860606,5.854122220035654E-5,344000.0,0.0,0.0,-Infinity,0.0,?,?,?,344000.0,1951816.0
345000.0,116.279812449,5.871388606286228E-5,345000.0,0.0,0.0,-Infinity,0.0,?,?,?,345000.0,1951816.0
346000.0,116.557681486,5.88541921971362E-5,346000.0,0.0,0.0,-Infinity,0.0,?,?,?,346000.0,1951816.0
347000.0,116.900799442,5.9027444872303196E-5,347000.0,0.0,0.0,-Infinity,0.0,?,?,?,347000.0,1951816.0
348000.0,117.241850303,5.919965379638602E-5,348000.0,0.0,0.0,-Infinity,0.0,?,?,?,348000.0,1951816.0
349000.0,117.534675889,5.934751203360356E-5,349000.0,0.0,0.0,-Infinity,0.0,?,?,?,349000.0,1951816.0
350000.0,117.900381772,5.953217017068473E-5,350000.0,0.0,0.0,-Infinity,0.0,?,?,?,350000.0,1951816.0
351000.0,118.239638946,5.970347339727861E-5,351000.0,0.0,0.0,-Infinity,0.0,?,?,?,351000.0,1951816.0
352000.0,118.550598195,5.986048797729427E-5,352000.0,0.0,0.0,-Infinity,0.0,?,?,?,352000.0,1951816.0
353000.0,118.900256337,6.003704302909524E-5,353000.0,0.0,0.0,-Infinity,0.0,?,?,?,353000.0,1951816.0
354000.0,119.287119255,6.0232384118928534E-5,354000.0,0.0,0.0,-Infinity,0.0,?,?,?,354000.0,1951816.0
355000.0,119.627913124,6.040446327844871E-5,355000.0,0.0,0.0,-Infinity,0.0,?,?,?,355000.0,1951816.0
356000.0,120.009889726,6.0597337090472996E-5,356000.0,0.0,0.0,-Infinity,0.0,?,?,?,356000.0,1951816.0
357000.0,120.331906717,6.0759935124660336E-5,357000.0,0.0,0.0,-Infinity,0.0,?,?,?,357000.0,1951816.0
358000.0,120.678034367,6.093470750326405E-5,358000.0,0.0,0.0,-Infinity,0.0,?,?,?,358000.0,1951816.0
359000.0,120.995202449,6.109485714779063E-5,359000.0,0.0,0.0,-Infinity,0.0,?,?,?,359000.0,1951816.0
360000.0,121.272675165,6.123496316524678E-5,360000.0,0.0,0.0,-Infinity,0.0,?,?,?,360000.0,1951816.0
361000.0,121.641612093,6.14212527738964E-5,361000.0,0.1,0.1,-49849.999999999956,0.0,?,?,?,361000.0,1951816.0
362000.0,121.929822553,6.156678066695167E-5,362000.0,0.0,0.0,-Infinity,0.0,?,?,?,362000.0,1951816.0
363000.0,122.227336793,6.171700637528002E-5,363000.0,0.0,0.0,-Infinity,0.0,?,?,?,363000.0,1951816.0
364000.0,122.583343738,6.189676716751114E-5,364000.0,0.0,0.0,-Infinity,0.0,?,?,?,364000.0,1951816.0
365000.0,122.875849821,6.204446407609953E-5,365000.0,0.0,0.0,-Infinity,0.0,?,?,?,365000.0,1951816.0
366000.0,123.183825591,6.219997218958082E-5,366000.0,0.0,0.0,-Infinity,0.0,?,?,?,366000.0,1951816.0
367000.0,123.499838126,6.235953835660199E-5,367000.0,0.0,0.0,-Infinity,0.0,?,?,?,367000.0,1951816.0
368000.0,123.83432003,6.252843037653158E-5,368000.0,0.0,0.0,-Infinity,0.0,?,?,?,368000.0,1951816.0
369000.0,124.152067294,6.26888724710135E-5,369000.0,0.0,0.0,-Infinity,0.0,?,?,?,369000.0,1951816.0
370000.0,124.443648368,6.283610230907703E-5,370000.0,0.0,0.0,-Infinity,0.0,?,?,?,370000.0,1951816.0
371000.0,124.728287132,6.297982672354407E-5,371000.0,0.0,0.0,-Infinity,0.0,?,?,?,371000.0,1951816.0
372000.0,125.042318944,6.31383927518301E-5,372000.0,0.0,0.0,-Infinity,0.0,?,?,?,372000.0,1951816.0
373000.0,125.373153261,6.330544297305867E-5,373000.0,0.0,0.0,-Infinity,0.0,?,?,?,373000.0,1951816.0
374000.0,125.709556053,6.347530491886616E-5,374000.0,0.0,0.0,-Infinity,0.0,?,?,?,374000.0,1951816.0
375000.0,126.01874139,6.363142378650612E-5,375000.0,0.0,0.0,-Infinity,0.0,?,?,?,375000.0,1951816.0
376000.0,126.318077447,6.378256939617858E-5,376000.0,0.0,0.0,-Infinity,0.0,?,?,?,376000.0,1951816.0
377000.0,126.691377226,6.397106196621184E-5,377000.0,0.0,0.0,-Infinity,0.0,?,?,?,377000.0,1951816.0
378000.0,126.972831445,6.411317838864351E-5,378000.0,0.0,0.0,-Infinity,0.0,?,?,?,378000.0,1951816.0
379000.0,127.251158644,6.425371586549444E-5,379000.0,0.1,0.1,-49849.999999999956,0.0,?,?,?,379000.0,1951816.0
380000.0,127.541053272,6.440009415593151E-5,380000.0,0.0,0.0,-Infinity,0.0,?,?,?,380000.0,1951816.0
381000.0,127.806462945,6.453410910635412E-5,381000.0,0.0,0.0,-Infinity,0.0,?,?,?,381000.0,1951816.0
382000.0,128.143641261,6.470436264229936E-5,382000.0,0.0,0.0,-Infinity,0.0,?,?,?,382000.0,1951816.0
383000.0,128.465705577,6.486698457259213E-5,383000.0,0.0,0.0,-Infinity,0.0,?,?,?,383000.0,1951816.0
384000.0,128.773426108,6.502236380666393E-5,384000.0,0.0,0.0,-Infinity,0.0,?,?,?,384000.0,1951816.0
385000.0,129.12509871,6.519993603223245E-5,385000.0,0.0,0.0,-Infinity,0.0,?,?,?,385000.0,1951816.0
386000.0,129.417812917,6.534773803016152E-5,386000.0,0.0,0.0,-Infinity,0.0,?,?,?,386000.0,1951816.0
386705.0,129.639829664,6.545984232163621E-5,386705.0,0.0,0.0,-Infinity,0.0,?,?,?,386705.0,1951816.0
