learning evaluation instances,evaluation time (cpu seconds),model cost (RAM-Hours),classified instances,classifications correct (percent),Kappa Statistic (percent),Kappa Temporal Statistic (percent),Kappa M Statistic (percent),F1 Score (percent),F1 Score for class 0 (percent),F1 Score for class 1 (percent),Precision (percent),Precision for class 0 (percent),Precision for class 1 (percent),Recall (percent),Recall for class 0 (percent),Recall for class 1 (percent),model training instances,model serialized size (bytes),ensemble size,[avg] model training instances,[err] model training instances,[avg] model serialized size (bytes),[err] model serialized size (bytes),[avg] tree size (nodes),[err] tree size (nodes),[avg] tree size (leaves),[err] tree size (leaves),[avg] active learning leaves,[err] active learning leaves,[avg] tree depth,[err] tree depth,[avg] active leaf byte size estimate,[err] active leaf byte size estimate,[avg] inactive leaf byte size estimate,[err] inactive leaf byte size estimate,[avg] byte size estimate overhead,[err] byte size estimate overhead
77162.0,1.065159652,1.4646656074153878E-7,77162.0,98.5,97.00064786006223,97.04724409448818,96.96969696969697,98.52215438363493,98.49548645937813,98.50448654037885,98.52652259332024,100.0,97.05304518664047,98.51778656126481,97.03557312252964,100.0,77162.0,547096.0,10.0,77066.80000000002,157.92811304162274,16583.2,13929.404460429103,58.2,35.888097686497055,9.700000000000001,8.192815280611557,9.700000000000001,8.192815280611557,5.0,4.666666666666667,0.0,0.0,0.0,0.0,1.0,0.0
154324.0,1.847837946,2.7397353001153305E-7,154324.0,98.7,97.39793916782091,97.47081712062257,97.27463312368972,98.71546452261228,98.73908826382153,98.65841073271413,98.67617107942974,100.0,97.35234215885947,98.75478927203065,97.5095785440613,100.0,154324.0,629728.0,10.0,154144.6,372.8175603875595,24733.6,24172.129126100765,112.70000000000002,74.06011072095424,14.4,14.135848832745143,14.4,14.135848832745143,5.6,6.003702561290361,0.0,0.0,0.0,0.0,1.0,0.0
231486.0,2.61666934,4.108546047117272E-7,231486.0,98.8,97.60010559535381,97.5560081466395,97.5359342915811,98.81411206640973,98.8118811881188,98.7878787878788,98.80239520958084,100.0,97.60479041916167,98.82583170254404,97.65166340508806,100.0,231486.0,688200.0,10.0,231163.8,375.4327281062906,30498.399999999998,31998.36285812135,165.8,110.19558369856148,17.9,18.770248326067033,17.9,18.770248326067033,5.8,6.425643072011462,0.0,0.0,0.0,0.0,1.0,0.0
308648.0,3.342985731,5.511291545985971E-7,308648.0,98.6,97.18252035629042,97.11934156378601,97.21115537848605,98.61055974593093,98.47826086956522,98.70370370370371,98.72029250457038,100.0,97.44058500914076,98.50107066381156,97.00214132762312,100.0,308648.0,746544.0,10.0,308253.5,521.0391859863615,36251.2,39358.163136903524,219.29999999999998,149.76132863845578,21.3,23.166306951643755,21.3,23.166306951643755,6.300000000000001,6.848357467305573,0.0,0.0,0.0,0.0,1.0,0.0
385810.0,4.035549972,6.96499415072478E-7,385810.0,99.1,98.19793844157716,98.22485207100591,98.14814814814815,99.10694351417729,99.06735751295336,99.13043478260869,99.13793103448276,100.0,98.27586206896551,99.07597535934292,98.15195071868584,100.0,385810.0,811368.0,10.0,385501.6,382.45644632211753,42644.0,49335.014638016815,275.6,190.83570595322738,25.099999999999998,28.995976732413528,25.099999999999998,28.995976732413528,6.3999999999999995,7.105553383719589,0.0,0.0,0.0,0.0,1.0,0.0
462972.0,4.727100263,8.447669227204782E-7,462972.0,98.6,97.19964155411893,97.24409448818896,97.22772277227722,98.61888808652864,98.57433808553971,98.62475442043221,98.64341085271317,100.0,97.28682170542635,98.59437751004016,97.18875502008032,100.0,462972.0,828752.0,10.0,462701.8,435.637923050785,44359.2,52642.8318657388,328.9,239.53633452058077,26.2,31.211821122417344,26.2,31.211821122417344,6.0,6.815016100086957,0.0,0.0,0.0,0.0,1.0,0.0
540134.0,5.413581638,9.94124243726724E-7,540134.0,98.2,96.39700230591852,96.4774951076321,96.35627530364373,98.22981696307397,98.13664596273291,98.25918762088975,98.28897338403041,100.0,96.57794676806084,98.17073170731707,96.34146341463415,100.0,540134.0,841008.0,10.0,539922.3,368.8230680903197,45568.0,58111.869799168875,380.5,285.36146668158733,26.700000000000003,34.104577731181806,26.700000000000003,34.104577731181806,5.4,7.121173436387511,0.0,0.0,0.0,0.0,1.0,0.0
617296.0,6.09672334,1.1431663798655135E-6,617296.0,98.1,96.19969597567804,96.05809128630705,96.13821138211381,98.13461959493756,98.05924412665985,98.13907933398627,98.17307692307693,100.0,96.34615384615385,98.09619238476954,96.19238476953907,100.0,617296.0,843336.0,10.0,617016.0,582.6079299151365,45799.2,63310.550226289735,436.5,324.47641585243827,26.7,36.956581130955406,26.7,36.956581130955406,5.4,7.32120208708925,0.0,0.0,0.0,0.0,1.0,0.0
694458.0,6.772421459,1.3006937784171705E-6,694458.0,98.6,97.19461365822379,97.13701431492842,97.265625,98.61644220088468,98.53249475890985,98.66156787762907,98.67924528301887,100.0,97.35849056603773,98.55371900826447,97.10743801652893,100.0,694458.0,901168.0,10.0,694163.3,619.7268305023154,51501.6,69489.24173680092,496.70000000000005,353.4635137543273,30.2,40.723457613518036,30.2,40.723457613518036,5.6,7.4266786355379315,0.0,0.0,0.0,0.0,1.0,0.0
771620.0,7.457180917,1.4704197573058536E-6,771620.0,98.2,96.40080621940686,96.50485436893203,96.40718562874251,98.2316534040672,98.18181818181819,98.21782178217822,98.24902723735408,100.0,96.49805447470817,98.21428571428572,96.42857142857143,100.0,771620.0,958104.0,10.0,771249.6000000001,664.2183710531025,57117.600000000006,76085.86289361952,562.0,391.68553146057815,33.3,44.41733895676327,33.3,44.41733895676327,5.6,7.4266786355379315,0.0,0.0,0.0,0.0,1.0,0.0
848782.0,8.138994036,1.647070582658514E-6,848782.0,98.3,96.58472689869095,96.42105263157895,96.579476861167,98.32055473065155,98.17400644468313,98.40972871842844,98.43462246777163,100.0,96.86924493554328,98.20675105485233,96.41350210970464,100.0,848782.0,1001504.0,10.0,848338.5,772.3089839349631,61395.200000000004,80417.67272434586,622.5999999999999,426.3955388551287,36.1,47.36020364070333,36.1,47.36020364070333,5.7,7.498888806572166,0.0,0.0,0.0,0.0,1.0,0.0
925944.0,8.826081681,1.8262710883367455E-6,925944.0,97.3,94.60388520265408,94.92481203007517,94.38669438669439,97.37096040763745,97.29187562688064,97.30807577268196,97.37864077669902,100.0,94.75728155339806,97.36328125,94.7265625,100.0,925944.0,1008160.0,10.0,925504.6000000001,704.1436406491591,62055.2,86428.50241390921,680.3999999999999,470.8418465307054,36.199999999999996,50.49708462431822,36.199999999999996,50.49708462431822,5.9,7.766738197095497,0.0,0.0,0.0,0.0,1.0,0.0
1003106.0,9.535452493,2.0218787117914337E-6,1003106.0,97.6,95.19582998042301,94.98956158663883,95.2755905511811,97.6529402790654,97.5051975051975,97.6878612716763,97.74011299435028,100.0,95.48022598870057,97.5659229208925,95.131845841785,100.0,1003106.0,1065896.0,10.0,1002722.5,810.2832495149148,67747.2,91895.96368454445,747.6,508.9117365079681,39.8,54.12085241999304,39.8,54.12085241999304,6.199999999999999,8.038794823990859,1305.1831647031647,689.0340534702899,0.0,0.0,1.0700794675326017,0.037215711378791726
1080268.0,10.296035364,2.24198447214776E-6,1080268.0,98.6,97.1929599435384,97.270955165692,97.14867617107943,98.61563775590925,98.66920152091254,98.52320675105486,98.54469854469853,100.0,97.0893970893971,98.68667917448406,97.37335834896811,100.0,1080268.0,1118632.0,10.0,1080011.7,687.4650779009156,72948.0,98510.45112744806,817.6999999999999,552.7929188322795,42.9,58.106128955749774,42.9,58.106128955749774,6.5,8.422852512328852,1305.1831647031647,689.0340534702899,0.0,0.0,1.0700794675326017,0.037215711378791726
1157430.0,11.023194091,2.455550857579383E-6,1157430.0,98.2,96.39972637920482,96.50485436893203,96.34888438133873,98.2311320754717,98.16326530612245,98.23529411764706,98.26589595375724,100.0,96.53179190751445,98.19639278557113,96.39278557114228,100.0,1157430.0,1135288.0,10.0,1157315.7000000002,594.1991903207049,74590.4,103814.85083572795,878.0,598.6985886069884,43.599999999999994,60.7658529841299,43.599999999999994,60.7658529841299,5.699999999999999,7.775317071062475,1305.1831647031647,689.0340534702899,0.0,0.0,1.0700794675326017,0.037215711378791726
1234592.0,11.748143032,2.665517024143758E-6,1234592.0,97.5,95.00299820107935,94.84536082474226,94.93927125506072,97.56091611990537,97.48743718592965,97.51243781094527,97.57281553398059,100.0,95.14563106796116,97.54901960784314,95.09803921568627,100.0,1234592.0,1119552.0,10.0,1234349.7,542.1967764976533,73036.8,104658.0830586492,932.8,645.1111532131498,43.099999999999994,61.74040636226634,43.099999999999994,61.74040636226634,5.3,7.1188326134119615,1305.1831647031647,689.0340534702899,0.0,0.0,1.0700794675326017,0.037215711378791726
1311754.0,12.476591072,2.857966716470294E-6,1311754.0,98.7,97.40022877986738,97.29166666666667,97.4559686888454,98.71658049656487,98.71159563924678,98.68819374369325,98.70517928286853,100.0,97.41035856573706,98.7279843444227,97.4559686888454,100.0,1311754.0,1021224.0,10.0,1311587.9000000001,477.1655780637124,63340.0,103604.01051010418,983.6999999999999,713.6085216855403,37.1,60.74070573621394,37.1,60.74070573621394,5.0,6.99205898780101,1305.1831647031647,689.0340534702899,0.0,0.0,1.0700794675326017,0.037215711378791726
1388916.0,13.175597796,3.057073123368519E-6,1388916.0,98.0,95.99641278585612,96.03174603174602,95.79831932773108,98.03672116728706,97.9253112033195,98.06949806949807,98.10606060606061,100.0,96.21212121212122,97.96747967479675,95.9349593495935,100.0,1388916.0,1101048.0,10.0,1388870.2999999998,634.5097932875608,71212.8,109356.32689596784,1053.3,752.5135731518586,41.6,63.903051570327996,41.6,63.903051570327996,5.3,7.180993431738165,1305.1831647031647,689.0340534702899,0.0,0.0,1.0700794675326017,0.037215711378791726
1466078.0,13.884520137,3.2579680775511924E-6,1466078.0,97.7,95.40220694066848,95.61068702290076,95.1063829787234,97.75160296045459,97.68378650553876,97.71598808341608,97.76699029126213,100.0,95.53398058252426,97.73622047244095,95.47244094488188,100.0,1466078.0,1095400.0,10.0,1466157.7000000002,700.9752016535712,70655.20000000001,113808.30913309156,1111.8999999999999,802.9415988171936,41.5,66.74370548765046,41.5,66.74370548765046,5.3,7.180993431738165,1305.1831647031647,689.0340534702899,0.0,0.0,1.0700794675326017,0.037215711378791726
1543240.0,14.595106954,3.4696070944892156E-6,1543240.0,98.4,96.79619387832746,96.7280163599182,96.71457905544148,98.4229554603196,98.33679833679835,98.45857418111753,98.4819734345351,100.0,96.9639468690702,98.3640081799591,96.7280163599182,100.0,1543240.0,1151280.0,10.0,1543337.2000000002,760.7272543793018,76168.0,119331.28275333151,1180.5,847.6625704449463,44.5,69.78578333411151,44.5,69.78578333411151,5.6,7.501111028818776,1305.1831647031647,689.0340534702899,0.0,0.0,1.0700794675326017,0.037215711378791726
1620402.0,15.292615044,3.6867166441138955E-6,1620402.0,98.9,97.80024637240629,97.73662551440329,97.75967413441956,98.9119586623422,98.90329012961116,98.89669007021062,98.90873015873017,100.0,97.81746031746032,98.91518737672584,97.83037475345168,100.0,1620402.0,1203184.0,10.0,1620499.0,884.0431110654077,81283.2,123453.5862444758,1246.5,888.6803262266034,47.9,72.68570087101803,47.9,72.68570087101803,5.7,7.587270040447136,1305.1831647031647,689.0340534702899,0.0,0.0,1.0700794675326017,0.037215711378791726
1697564.0,16.006489298,3.9137752626539145E-6,1697564.0,98.4,96.80076781572421,96.72131147540983,96.89320388349513,98.42517204995355,98.40637450199202,98.39357429718876,98.41897233201581,100.0,96.83794466403161,98.43137254901961,96.86274509803921,100.0,1697564.0,1229472.0,10.0,1697654.4,1056.148264002535,83876.8,127574.45162274633,1304.7,931.674126386355,49.099999999999994,74.70601641694522,49.099999999999994,74.70601641694522,5.5,7.54615428178118,1305.1831647031647,689.0340534702899,0.0,0.0,1.0700794675326017,0.037215711378791726
1774726.0,16.755739454,4.15641359844502E-6,1774726.0,97.5,94.95955547311627,95.0592885375494,94.66950959488273,97.54021986498759,97.2436604189636,97.71271729185727,97.76386404293382,100.0,95.52772808586762,97.3175965665236,94.63519313304721,100.0,1774726.0,1251800.0,10.0,1774951.7000000002,1107.844558891995,86076.8,135610.37265866584,1373.7000000000003,983.1455244378741,50.6,79.66066923031856,50.6,79.66066923031856,5.5,7.735200923914862,1305.1831647031647,689.0340534702899,0.0,0.0,1.0700794675326017,0.037215711378791726
1851888.0,17.476782103,4.400491424804824E-6,1851888.0,98.7,97.38727078325601,97.4609375,97.16157205240175,98.71026500085817,98.78618113912232,98.60064585575888,98.61995753715499,100.0,97.23991507430998,98.80073800738008,97.60147601476015,100.0,1851888.0,1308488.0,10.0,1852115.3,1049.0780131990975,91667.20000000001,140332.02067857975,1444.3,1028.8142095528121,53.8,82.21894888379173,53.8,82.21894888379173,5.6,7.7631608682718065,1305.1831647031647,689.0340534702899,0.0,0.0,1.0700794675326017,0.037215711378791726
1929050.0,18.184641462,4.642534106162879E-6,1929050.0,98.8,97.59872252038085,97.67441860465115,97.6,98.81343664344958,98.76796714579055,98.83040935672514,98.84393063583815,100.0,97.6878612716763,98.78296146044624,97.56592292089249,100.0,1929050.0,1321744.0,10.0,1929402.2000000002,1056.5981891586437,92975.2,145780.52444594007,1505.6,1078.5578024998629,54.4,85.25152328388168,54.4,85.25152328388168,5.8,7.9833159359587755,1305.1831647031647,689.0340534702899,0.0,0.0,1.0700794675326017,0.037215711378791726
2006212.0,18.910215805,4.895412439627972E-6,2006212.0,97.3,94.59805529990795,94.92481203007517,94.5233265720081,97.36819275746141,97.20785935884177,97.38625363020329,97.45283018867926,100.0,94.90566037735849,97.28370221327968,94.56740442655935,100.0,2006212.0,1347200.0,10.0,2006438.0,987.7518806753774,95486.4,148615.8274232967,1568.1000000000004,1125.3161975393605,55.9,87.02675195338244,55.9,87.02675195338244,5.9,8.033955715862792,1630.712272050136,43.098640515666794,0.0,0.0,1.0872594784957696,0.0052793346608175145
2083374.0,19.645361674,5.161756551320964E-6,2083374.0,98.6,97.18903724525649,97.11340206185567,97.10144927536231,98.61372962182544,98.50427350427351,98.68421052631578,98.7012987012987,100.0,97.40259740259741,98.52631578947368,97.05263157894737,100.0,2083374.0,1400464.0,10.0,2083548.0,947.1758020557538,100737.6,154727.4100856801,1639.7,1171.825171829541,59.1,90.57894040252648,59.1,90.57894040252648,6.0,8.096638534327413,1630.712272050136,43.098640515666794,0.0,0.0,1.0872594784957696,0.0052793346608175145
2160536.0,20.380344503,5.408771986158368E-6,2160536.0,98.4,96.79978238520219,96.88715953307393,96.72131147540983,98.42469448918749,98.37067209775967,98.42829076620825,98.45261121856866,100.0,96.90522243713733,98.39679358717434,96.79358717434869,100.0,2160536.0,1299120.0,10.0,2160780.9,973.1857707777899,90745.6,155046.10293228558,1692.6,1242.0458213054064,53.1,90.58262035904632,53.1,90.58262035904632,5.6,7.919034733546199,1630.712272050136,43.098640515666794,0.0,0.0,1.0872594784957696,0.0052793346608175145
2237698.0,21.109014515,5.6603857024886474E-6,2237698.0,97.89999999999999,95.79576212822525,95.91439688715953,95.66115702479338,97.93257181068346,97.81931464174455,97.97492767598843,98.00012840267078,99.78813559322035,96.21212121212122,97.86510829508761,95.9266802443992,99.80353634577604,2237698.0,1334768.0,10.0,2237908.8,1168.364459880151,94259.2,162744.04730864966,1757.9,1288.510807094764,55.300000000000004,95.52434244735737,55.300000000000004,95.52434244735737,5.8,8.121302577515232,1630.712272050136,43.098640515666794,0.0,0.0,1.0872594784957696,0.0052793346608175145
2314860.0,21.842702605,5.921796650191741E-6,2314860.0,98.4,96.8008061968384,96.65271966527197,96.76113360323886,98.42519065035688,98.40319361277446,98.39679358717434,98.42209072978304,100.0,96.84418145956607,98.42829076620825,96.85658153241651,100.0,2314860.0,1377256.0,10.0,2315169.4,1255.0323767404448,98449.6,169008.52181223157,1820.9,1330.8670064619112,57.800000000000004,99.28611853292148,57.800000000000004,99.28611853292148,5.7,8.179242018671413,1630.712272050136,43.098640515666794,0.0,0.0,1.0872594784957696,0.0052793346608175145
2392022.0,22.598277515,6.199833133129831E-6,2392022.0,98.5,96.99908772266768,96.98189134808854,96.86847599164926,98.5213968659528,98.4646878198567,98.53372434017595,98.55491329479769,100.0,97.10982658959537,98.48790322580645,96.9758064516129,100.0,2392022.0,1422416.0,10.0,2392293.9,1355.333616166543,102900.79999999999,177247.5707683716,1892.0,1379.3571771742888,60.699999999999996,104.68901035394732,60.699999999999996,104.68901035394732,6.0,8.31330927555995,1630.712272050136,43.098640515666794,0.0,0.0,1.0872594784957696,0.0052793346608175145
2469184.0,23.350093186,6.459370709008328E-6,2469184.0,98.3,96.60095173351462,96.5587044534413,96.68615984405457,98.32840211958612,98.3050847457627,98.29488465396189,98.32347140039448,100.0,96.64694280078896,98.33333333333334,96.66666666666667,100.0,2469184.0,1334416.0,10.0,2469411.2,1387.2658801478403,94223.2,158514.30517485374,1941.4999999999998,1440.0237845257973,55.6,93.63427672480725,55.6,93.63427672480725,5.9,8.04777401935881,1630.712272050136,43.098640515666794,0.0,0.0,1.0872594784957696,0.0052793346608175145
2546346.0,24.099872151,6.731947454678141E-6,2546346.0,97.8,95.60212856977222,95.68627450980391,95.50102249488752,97.84735812133071,97.80000000000001,97.80000000000001,97.84735812133071,100.0,95.69471624266144,97.84735812133071,95.69471624266144,100.0,2546346.0,1405264.0,10.0,2546665.8,1436.881020358578,101211.2,171016.85619116938,2009.6999999999998,1480.1545001939644,59.7,100.96429511906122,59.7,100.96429511906122,5.800000000000001,8.121302577515232,1630.712272050136,43.098640515666794,0.0,0.0,1.0872594784957696,0.0052793346608175145
2623508.0,24.848189875,7.012171780978339E-6,2623508.0,98.4,96.79461495312124,96.74796747967478,96.81274900398405,98.42219031540417,98.32635983263597,98.46743295019157,98.49056603773585,100.0,96.98113207547169,98.35390946502058,96.70781893004116,100.0,2623508.0,1447512.0,10.0,2623841.7,1487.7744788777718,105375.20000000001,180827.68423053419,2078.2,1518.2878368595184,62.5,107.43395904254648,62.5,107.43395904254648,5.1000000000000005,8.305955025696255,1630.712272050136,43.098640515666794,0.0,0.0,1.0872594784957696,0.0052793346608175145
2700670.0,25.603224738,7.306459285221542E-6,2700670.0,98.7,97.39073187963648,97.3630831643002,97.39478957915831,98.71195179925472,98.61554845580403,98.77474081055607,98.78957169459963,100.0,97.57914338919925,98.6344537815126,97.26890756302521,100.0,2700670.0,1506632.0,10.0,2701040.1,1412.346939593034,111211.2,190414.45066357517,2154.0,1550.7262814565308,65.0,111.36726029972483,65.0,111.36726029972483,5.199999999999999,8.443274772793368,1630.712272050136,43.098640515666794,0.0,0.0,1.0872594784957696,0.0052793346608175145
2777832.0,26.379915297,7.574918378168452E-6,2777832.0,98.4,96.76447392368203,96.76113360323886,96.48351648351648,98.40758625906183,98.2102908277405,98.55334538878843,98.57397504456328,100.0,97.14795008912655,98.24175824175825,96.48351648351648,100.0,2777832.0,1336080.0,10.0,2778381.2,1338.8655064808959,94386.4,172867.61105488276,2206.8,1607.5889330851273,55.8,101.94203145797016,55.8,101.94203145797016,5.0,8.16496580927726,1630.712272050136,43.098640515666794,0.0,0.0,1.0872594784957696,0.0052793346608175145
2854994.0,27.115699315,7.839893247169955E-6,2854994.0,97.6,95.20228371295264,95.03105590062111,95.32163742690058,97.65602109581013,97.57575757575758,97.62376237623764,97.67891682785299,100.0,95.35783365570599,97.63313609467455,95.26627218934911,100.0,2854994.0,1392056.0,10.0,2855599.9,1198.9215941373775,99907.2,179167.98266357003,2281.8,1635.9147492050638,59.00000000000001,105.99895177678776,59.00000000000001,105.99895177678776,5.0,8.16496580927726,1630.712272050136,43.098640515666794,0.0,0.0,1.0872594784957696,0.0052793346608175145
2932156.0,27.853264152,8.116649601616757E-6,2932156.0,98.6,97.19511950794382,97.29206963249516,97.13701431492842,98.61668827267842,98.53556485355648,98.65900383141762,98.67674858223062,100.0,97.35349716446125,98.55670103092784,97.11340206185567,100.0,2932156.0,1450440.0,10.0,2932717.3,1409.7539619853176,105664.8,187072.4234780625,2352.0,1662.2818988099193,62.3,110.26236388219186,62.3,110.26236388219186,5.1000000000000005,8.305955025696255,1630.712272050136,43.098640515666794,0.0,0.0,1.0872594784957696,0.0052793346608175145
3009318.0,28.614007551,8.410830359534122E-6,3009318.0,98.8,97.58329574015595,97.5609756097561,97.41379310344827,98.80590361253961,98.68995633187774,98.8929889298893,98.90510948905109,100.0,97.8102189781022,98.70689655172413,97.41379310344827,100.0,3009318.0,1494784.0,10.0,3009824.5,1455.511231301356,110036.79999999999,193651.4057078394,2423.1,1692.7121859443334,64.9,114.4032342200167,64.9,114.4032342200167,5.2,8.508818954473059,1631.4152121035916,42.10329371613972,0.0,0.0,1.0872248200934729,0.005322301750944561
3086480.0,29.367162895,8.708879121594261E-6,3086480.0,98.1,96.19223215359332,96.04989604989605,95.97457627118644,98.1310231467865,98.18875119161106,98.00210304942166,98.04123711340208,100.0,96.08247422680412,98.22097378277154,96.44194756554307,100.0,3086480.0,1529696.0,10.0,3087081.5,1556.3795773810948,113480.79999999999,199546.2639204809,2495.3,1725.9412279165888,66.80000000000001,117.38521580202887,66.80000000000001,117.38521580202887,5.2,8.508818954473059,1631.4152121035916,42.10329371613972,0.0,0.0,1.0872248200934729,0.005322301750944561
3163642.0,30.114930586,8.997774419218897E-6,3163642.0,98.7,97.39793916782091,97.29166666666667,97.31958762886597,98.71546452261228,98.73908826382153,98.65841073271413,98.67617107942974,100.0,97.35234215885947,98.75478927203065,97.5095785440613,100.0,3163642.0,1493400.0,10.0,3164323.8,1520.157067908161,109901.6,192223.30799313134,2558.7000000000003,1769.5839467073738,64.7,113.28631377571116,64.7,113.28631377571116,5.2,8.534895690308373,1631.4152121035916,42.10329371613972,0.0,0.0,1.0872248200934729,0.005322301750944561
3240804.0,30.86434542,9.28820720714453E-6,3240804.0,98.5,96.99815086093034,97.0873786407767,96.86192468619247,98.5209419824702,98.54227405247813,98.4552008238929,98.4787018255578,100.0,96.95740365111561,98.5632183908046,97.12643678160919,100.0,3240804.0,1498048.0,10.0,3241639.6,1544.2928766554674,110360.0,197737.2118837412,2622.6,1804.632015428938,65.3,116.9207233793717,65.3,116.9207233793717,5.2,8.508818954473059,1631.4152121035916,42.10329371613972,0.0,0.0,1.0872248200934729,0.005322301750944561
3317966.0,31.626746866,9.593253734795749E-6,3317966.0,98.0,96.00145547020884,95.89322381930184,95.91002044989774,98.03914647967967,97.98792756539235,98.01192842942345,98.05068226120858,100.0,96.10136452241716,98.0276134122288,96.05522682445759,100.0,3317966.0,1546624.0,10.0,3318878.0999999996,1479.285146428664,115152.0,203455.04040177743,2693.7,1837.421263619206,67.9,120.06243746021855,67.9,120.06243746021855,5.2,8.508818954473059,1631.4152121035916,42.10329371613972,0.0,0.0,1.0872248200934729,0.005322301750944561
3395128.0,32.402920649,9.914072265078848E-6,3395128.0,97.6,95.20245634235272,95.0920245398773,95.04132231404958,97.65610350646915,97.61904761904762,97.58064516129032,97.63779527559055,100.0,95.2755905511811,97.67441860465115,95.34883720930233,100.0,3395128.0,1597728.0,10.0,3396144.5,1562.356428959506,120192.8,210577.46865902925,2770.6,1871.750351349714,70.4,123.49736839301475,70.4,123.49736839301475,5.2,8.508818954473059,1631.4152121035916,42.10329371613972,0.0,0.0,1.0872248200934729,0.005322301750944561
3472290.0,33.179030533,1.0217335470759538E-5,3472290.0,97.5,94.97782206222679,94.94949494949495,94.94949494949495,97.54892108408278,97.30893433799784,97.6657329598506,97.71897810218978,100.0,95.43795620437956,97.37945492662475,94.75890985324948,100.0,3472290.0,1510424.0,10.0,3473188.6999999993,1413.6147557866748,111580.79999999999,201682.98719459045,2828.1000000000004,1923.609249417471,65.60000000000001,118.54413149165636,65.60000000000001,118.54413149165636,4.9,8.130190649671139,1631.4152121035916,42.10329371613972,0.0,0.0,1.0872248200934729,0.005322301750944561
3549452.0,33.944790449,1.0495438293153885E-5,3549452.0,97.5,94.9748743718593,95.15503875968992,94.65811965811966,97.54751686082159,97.2972972972973,97.67441860465117,97.72727272727273,100.0,95.45454545454545,97.36842105263158,94.73684210526315,100.0,3549452.0,1403832.0,10.0,3550428.1,1561.3056110548198,101068.0,207439.41844200093,2885.3,1984.3831983207724,59.7,122.50537403178141,59.7,122.50537403178141,4.199999999999999,7.64198926981712,1631.4152121035916,42.10329371613972,0.0,0.0,1.0872248200934729,0.005322301750944561
3626614.0,34.674287593,1.0772354535801188E-5,3626614.0,98.0,96.00102373792309,96.1089494163424,95.77167019027483,98.03893883058001,97.97570850202429,98.02371541501978,98.06201550387597,100.0,96.12403100775194,98.01587301587303,96.03174603174604,100.0,3626614.0,1467328.0,10.0,3627527.3,1539.0421299554216,107328.0,214128.0540320571,2955.6000000000004,2010.6917659795047,63.3,126.43755595374166,63.3,126.43755595374166,4.6,7.9330532163432075,1631.4152121035916,42.10329371613972,0.0,0.0,1.0872248200934729,0.005322301750944561
3703776.0,35.425310099,1.1018846448375613E-5,3703776.0,98.3,96.59850334147025,96.55172413793103,96.56565656565657,98.32721783854896,98.25282631038027,98.34469328140214,98.37164750957854,100.0,96.74329501915709,98.28282828282828,96.56565656565657,100.0,3703776.0,1268680.0,10.0,3704502.5,1525.0841324698074,87740.8,193649.3489427619,3000.3,2083.5744420479814,51.8,114.72653475886814,51.8,114.72653475886814,4.4,7.748835037890822,1631.4152121035916,42.10329371613972,0.0,0.0,1.0872248200934729,0.005322301750944561
3780938.0,36.18252622,1.1279353500953544E-5,3780938.0,97.5,95.00167943570959,94.5414847161572,94.60043196544275,97.56028772990629,97.54178957718781,97.45676500508647,97.51984126984127,100.0,95.03968253968253,97.60076775431862,95.20153550863724,100.0,3780938.0,1329848.0,10.0,3781636.9,1616.2826657350456,93770.4,198449.58563334023,3076.1,2114.750337247612,55.49999999999999,117.47269186212314,55.49999999999999,117.47269186212314,4.699999999999999,8.028421735033328,1631.4152121035916,42.10329371613972,0.0,0.0,1.0872248200934729,0.005322301750944561
3858100.0,36.926552615,1.1544663534652658E-5,3858100.0,98.4,96.78828365878725,96.66666666666667,96.76113360323886,98.4132640150076,98.29424307036247,98.49340866290018,98.49772284716522,99.78354978354979,97.21189591078067,98.32894990057092,96.84873949579831,99.80916030534351,3858100.0,1378376.0,10.0,3858672.6999999997,1532.6470239425294,98558.4,203287.08268040817,3150.8999999999996,2150.0269998304666,58.0,119.7979780946054,58.0,119.7979780946054,4.9,8.252272414311104,1631.4152121035916,42.10329371613972,0.0,0.0,1.0872248200934729,0.005322301750944561
3935262.0,37.686868487,1.1823539803365139E-5,3935262.0,98.1,96.1977186311787,96.32495164410058,95.9830866807611,98.13366678486777,98.0392156862745,98.15712900096993,98.19047619047619,100.0,96.38095238095238,98.07692307692308,96.15384615384616,100.0,3935262.0,1417816.0,10.0,3935912.3,1383.2640183437281,102448.0,207444.1598074581,3228.6,2187.092041958911,60.4,121.89540142634131,60.4,121.89540142634131,4.9,8.252272414311104,1631.4152121035916,42.10329371613972,0.0,0.0,1.0872248200934729,0.005322301750944561
4012424.0,38.456234463,1.211638794131337E-5,4012424.0,98.2,96.40080621940686,96.39278557114228,96.41434262948206,98.2316534040672,98.18181818181819,98.21782178217822,98.24902723735408,100.0,96.49805447470817,98.21428571428572,96.42857142857143,100.0,4012424.0,1471336.0,10.0,4013175.0,1274.3890911160777,107724.79999999999,213764.60271824445,3309.7999999999993,2223.527367844964,63.599999999999994,125.98077454737113,63.599999999999994,125.98077454737113,5.1,8.491171886141512,1636.9324128985718,44.54087474451778,0.0,0.0,1.0883789206166696,0.004798898782615034
4089586.0,39.228168823,1.241916984213955E-5,4089586.0,98.3,96.59632402995234,96.72447013487475,96.52351738241308,98.32616373466348,98.23468328141225,98.36065573770492,98.38709677419355,100.0,96.7741935483871,98.26530612244898,96.53061224489797,100.0,4089586.0,1516184.0,10.0,4090628.9000000004,1304.2594706064776,112149.59999999999,218643.93081964718,3391.4,2264.5759082981617,66.1,128.81377600586393,66.1,128.81377600586393,5.199999999999999,8.59974159818512,1636.9324128985718,44.54087474451778,0.0,0.0,1.0883789206166696,0.004798898782615034
4166748.0,39.98263979,1.2724105302169057E-5,4166748.0,98.0,96.00102373792309,95.94320486815415,95.86776859504131,98.03893883058001,98.02371541501978,97.97570850202429,98.01587301587303,100.0,96.03174603174604,98.06201550387597,96.12403100775194,100.0,4166748.0,1562312.0,10.0,4167773.0999999996,1155.7113682345878,116700.0,224168.09068593546,3470.9,2305.1486551244852,68.5,131.63860460450886,68.5,131.63860460450886,5.199999999999999,8.59974159818512,1636.9324128985718,44.54087474451778,0.0,0.0,1.0883789206166696,0.004798898782615034
4243910.0,40.742836372,1.3040843506761359E-5,4243910.0,97.6,95.19784863618901,95.24752475247524,95.25691699604742,97.65390390390391,97.52066115702479,97.67441860465117,97.72727272727273,100.0,95.45454545454545,97.58064516129032,95.16129032258065,100.0,4243910.0,1610560.0,10.0,4244974.3,1049.8475074452026,121458.4,231253.17573949118,3537.5,2336.152166371969,71.19999999999999,135.6808346410387,71.19999999999999,135.6808346410387,5.300000000000001,8.718435129718586,1636.9324128985718,44.54087474451778,0.0,0.0,1.0883789206166696,0.004798898782615034
4321072.0,41.525193434,1.3375686378355577E-5,4321072.0,98.3,96.59345944212888,96.71179883945841,96.4509394572025,98.32477820556154,98.21615949632738,98.37631327602675,98.40225563909775,100.0,96.80451127819549,98.24742268041237,96.49484536082474,100.0,4321072.0,1654392.0,10.0,4322071.399999999,1093.495028693734,125779.2,236309.39641297946,3616.6,2373.2615719488,74.0,139.08270920570968,74.0,139.08270920570968,5.300000000000001,8.718435129718586,1636.9324128985718,44.54087474451778,0.0,0.0,1.0883789206166696,0.004798898782615034
4398234.0,42.30423116,1.3713157087037592E-5,4398234.0,97.5,95.00199920031986,94.97991967871485,94.75890985324948,97.56044009660658,97.46192893401015,97.53694581280787,97.59615384615384,100.0,95.1923076923077,97.52475247524752,95.04950495049505,100.0,4398234.0,1674480.0,10.0,4399193.4,1154.626173270057,127759.20000000001,242763.2444432687,3686.1000000000004,2414.6189232349784,75.0,142.51627587363097,75.0,142.51627587363097,5.300000000000001,8.743886753358346,1636.9324128985718,44.54087474451778,0.0,0.0,1.0883789206166696,0.004798898782615034
4475396.0,43.065270471,1.4046975037203218E-5,4475396.0,98.7,97.39468515772175,97.5,97.3360655737705,98.71387853671035,98.63588667366211,98.75835721107929,98.77358490566037,100.0,97.54716981132076,98.65424430641822,97.30848861283644,100.0,4475396.0,1695528.0,10.0,4476280.300000001,1219.339989958118,129832.0,248255.81553085294,3750.7999999999993,2449.337316273299,76.4,145.99025842690858,76.4,145.99025842690858,5.300000000000001,8.743886753358346,1636.9324128985718,44.54087474451778,0.0,0.0,1.0883789206166696,0.004798898782615034
4552558.0,43.847167138,1.4398492402184233E-5,4552558.0,98.1,96.19223215359332,95.95744680851064,96.12244897959184,98.1310231467865,98.00210304942166,98.18875119161106,98.22097378277154,100.0,96.44194756554307,98.04123711340208,96.08247422680412,100.0,4552558.0,1737800.0,10.0,4553478.1,970.1046278050861,134001.6,252985.1804404536,3829.0000000000005,2487.4911055117364,78.8,148.62540533539718,78.8,148.62540533539718,5.300000000000001,8.743886753358346,1636.9324128985718,44.54087474451778,0.0,0.0,1.0883789206166696,0.004798898782615034
4629720.0,44.674618627,1.4738394209366571E-5,4629720.0,97.2,94.35176406511609,94.28571428571428,93.9784946236559,97.24091854256159,96.90265486725663,97.44525547445255,97.47968767129962,99.77220956719817,95.18716577540107,97.00331624962315,94.19354838709677,99.81308411214953,4629720.0,1587864.0,10.0,4630696.7,777.953447621841,119216.00000000001,241643.07677785156,3879.9,2557.591247421856,70.0,141.5893906885525,70.0,141.5893906885525,5.199999999999999,8.59974159818512,1636.9324128985718,44.54087474451778,0.0,0.0,1.0883789206166696,0.004798898782615034
4706882.0,45.440416177,1.5063152691791734E-5,4706882.0,98.5,96.99459026247244,96.93251533742331,96.76724137931035,98.51921320861818,98.5645933014354,98.42931937172774,98.4536082474227,100.0,96.90721649484536,98.58490566037736,97.16981132075472,100.0,4706882.0,1639264.0,10.0,4707924.699999999,886.9489588221593,124283.2,247415.23753524604,3958.2,2595.2971056637557,73.10000000000001,145.15007559227948,73.10000000000001,145.15007559227948,5.300000000000001,8.718435129718586,1636.9324128985718,44.54087474451778,0.0,0.0,1.0883789206166696,0.004798898782615034
4784044.0,46.208786667,1.539286495744947E-5,4784044.0,98.6,97.1929599435384,97.2,97.1252566735113,98.61563775590925,98.52320675105486,98.66920152091254,98.68667917448406,100.0,97.37335834896811,98.54469854469853,97.0893970893971,100.0,4784044.0,1658696.0,10.0,4785024.100000001,1020.8364163218348,126203.2,250914.28538969683,4032.4,2638.490149056211,74.0,147.04798914337832,74.0,147.04798914337832,5.199999999999999,8.59974159818512,1636.9324128985718,44.54087474451778,0.0,0.0,1.0883789206166696,0.004798898782615034
4861206.0,46.975418675,1.5714769158044523E-5,4861206.0,99.1,98.19974076266982,98.18913480885311,98.18913480885311,99.10782880226016,99.08629441624366,99.11330049261083,99.12109375,100.0,98.2421875,99.09456740442656,98.18913480885311,100.0,4861206.0,1623088.0,10.0,4862204.2,997.3857829345608,122691.20000000001,253428.7880853318,4091.8999999999996,2685.6095707802847,71.9,148.52044378543388,71.9,148.52044378543388,5.199999999999999,8.59974159818512,1636.9324128985718,44.54087474451778,0.0,0.0,1.0883789206166696,0.004798898782615034
4938368.0,47.737522845,1.6045686752152467E-5,4938368.0,97.7,95.40239075680645,95.54263565891472,95.34412955465586,97.75169087509079,97.70687936191425,97.69307923771314,97.74509803921569,100.0,95.49019607843138,97.75828460038987,95.51656920077973,100.0,4938368.0,1678448.0,10.0,4939310.6,856.0644056767542,128145.6,256642.70191983075,4164.6,2716.1787373686093,75.7,150.9599284578527,75.7,150.9599284578527,5.3,8.819800955174038,1636.9324128985718,44.54087474451778,0.0,0.0,1.0883789206166696,0.004798898782615034
5015530.0,48.512317234,1.6391490413571375E-5,5015530.0,98.1,96.20118523020818,96.31782945736434,96.04166666666666,98.13533722426298,98.11320754716981,98.08660624370594,98.12252964426878,100.0,96.24505928853755,98.14814814814814,96.29629629629629,100.0,5015530.0,1725224.0,10.0,5016351.899999999,1015.6399679238409,132757.6,260236.14854000075,4240.3,2751.2894370942995,78.5,153.30017757473226,78.5,153.30017757473226,5.4,8.959166627910582,1636.4831325301204,45.255120612110076,0.0,0.0,1.0884014956887804,0.004762415828189252
5092692.0,49.268966237,1.67281149705828E-5,5092692.0,98.4,96.80061428205784,96.83168316831683,96.8,98.42509764394607,98.4126984126984,98.38709677419354,98.41269841269842,100.0,96.82539682539682,98.4375,96.875,100.0,5092692.0,1719704.0,10.0,5093406.0,1004.3805166481337,132214.4,265803.6903761872,4304.8,2794.21675767806,78.0,156.01139559517938,78.0,156.01139559517938,5.4,8.959166627910582,1636.4831325301204,45.255120612110076,0.0,0.0,1.0884014956887804,0.004762415828189252
5169854.0,50.019025107,1.7070451004074362E-5,5169854.0,97.8,95.59360190997327,95.66929133858267,95.72815533980582,97.84327257897543,97.69874476987448,97.8927203065134,97.93621013133207,100.0,95.87242026266416,97.75051124744377,95.50102249488752,100.0,5169854.0,1764248.0,10.0,5170654.9,1137.8506492506453,136608.0,268990.3653160999,4375.9,2830.3121323745663,80.4,157.9790422105976,80.4,157.9790422105976,5.4,8.959166627910582,1636.4831325301204,45.255120612110076,0.0,0.0,1.0884014956887804,0.004762415828189252
5247016.0,50.805447165,1.7437723379221716E-5,5247016.0,98.1,96.20118523020818,96.24505928853755,95.99156118143459,98.13533722426298,98.08660624370594,98.11320754716981,98.14814814814814,100.0,96.29629629629629,98.12252964426878,96.24505928853755,100.0,5247016.0,1805240.0,10.0,5247780.0,1136.9615453283952,140648.80000000002,272961.46013547207,4458.099999999999,2872.0303484159463,83.3,161.27688406381532,83.3,161.27688406381532,5.4,8.959166627910582,1636.4831325301204,45.255120612110076,0.0,0.0,1.0884014956887804,0.004762415828189252
5324178.0,51.622045718,1.7818830111218084E-5,5324178.0,98.4,96.7951671120049,96.86274509803921,96.71457905544148,98.42245788948529,98.32985386221294,98.46449136276392,98.48771266540643,100.0,96.97542533081285,98.35728952772074,96.71457905544148,100.0,5324178.0,1804016.0,10.0,5324794.0,1119.9198384010097,140528.8,278700.15463090234,4521.700000000001,2915.2837121320154,83.0,164.3356997801215,83.0,164.3356997801215,5.3,8.857514073122072,1636.4831325301204,45.255120612110076,0.0,0.0,1.0884014956887804,0.004762415828189252
5401340.0,52.397740109,1.8148536952358275E-5,5401340.0,98.4,96.79793787198956,96.70103092783505,96.58848614072494,98.42380061077726,98.35051546391752,98.44660194174757,98.47036328871893,100.0,96.94072657743786,98.37728194726166,96.75456389452333,100.0,5401340.0,1643008.0,10.0,5402076.199999999,1235.1790513481321,124655.2,267696.90430651023,4571.8,2990.04885876097,73.2,156.91880419857623,73.2,156.91880419857623,5.3,8.819800955174038,1636.4831325301204,45.255120612110076,0.0,0.0,1.0884014956887804,0.004762415828189252
5478502.0,53.164634964,1.847758744535803E-5,5478502.0,97.7,95.4007726701914,95.1983298538622,95.41832669322709,97.75091699025755,97.65545361875637,97.74288518155055,97.79270633397313,100.0,95.58541266794626,97.70916334661355,95.4183266932271,100.0,5478502.0,1658552.0,10.0,5479406.100000001,1165.6511246701405,126188.8,270833.09778894373,4645.8,3035.411881259097,74.0,158.7044772875394,74.0,158.7044772875394,5.2,8.715248450592535,1636.4831325301204,45.255120612110076,0.0,0.0,1.0884014956887804,0.004762415828189252
5555664.0,53.929846693,1.8799835989109187E-5,5555664.0,98.0,95.99158232287805,96.11650485436894,95.96774193548386,98.03439803439804,97.89473684210526,98.09523809523809,98.13084112149532,100.0,96.26168224299066,97.93814432989691,95.87628865979381,100.0,5555664.0,1627840.0,10.0,5556595.399999999,1212.9852247885456,123161.6,273525.38202237996,4712.5,3086.879771261301,72.1,159.9586404876794,72.1,159.9586404876794,5.1,8.685236515681845,1636.4831325301204,45.255120612110076,0.0,0.0,1.0884014956887804,0.004762415828189252
5632826.0,54.687157843,1.9129192734074725E-5,5632826.0,98.2,96.40080621940686,96.27329192546583,96.29629629629629,98.2316534040672,98.21782178217822,98.18181818181819,98.21428571428572,100.0,96.42857142857143,98.24902723735408,96.49805447470817,100.0,5632826.0,1681104.0,10.0,5633681.5,1215.5826449347683,128411.20000000001,276043.86908557365,4787.1,3118.991840322767,75.7,161.87378485172397,75.7,161.87378485172397,5.1,8.685236515681845,1636.4831325301204,45.255120612110076,0.0,0.0,1.0884014956887804,0.004762415828189252
5709988.0,55.463998909,1.9405805324999115E-5,5709988.0,98.5,96.99403616775683,96.91358024691358,96.90082644628099,98.51894418493056,98.42602308499475,98.56733524355302,98.58757062146893,100.0,97.17514124293785,98.4504132231405,96.900826446281,100.0,5709988.0,1376392.0,10.0,5710871.0,1313.2516049020708,98373.6,181522.58606649112,4817.2,3213.036459315221,57.3,105.33127635122332,57.3,105.33127635122332,4.7,7.717944458640958,1636.4831325301204,45.255120612110076,0.0,0.0,1.0884014956887804,0.004762415828189252
5787150.0,56.240989935,1.970118597403773E-5,5787150.0,98.6,97.19820685238552,97.28682170542635,97.15447154471545,98.61312412034918,98.559670781893,98.63813229571984,98.64583333333333,99.79166666666667,97.5,98.5804365917675,97.35772357723577,99.80314960629921,5787150.0,1469496.0,10.0,5787997.5,1201.3466749166969,107547.20000000001,200257.33660290422,4897.1,3239.0362918621336,63.599999999999994,118.15733390507572,63.599999999999994,118.15733390507572,4.9,8.02011360407209,1636.4831325301204,45.255120612110076,0.0,0.0,1.0884014956887804,0.004762415828189252
5864312.0,57.013745925,1.9982216607666905E-5,5864312.0,98.6,97.19353390211046,97.15447154471545,97.10743801652893,98.6159169550173,98.52631578947367,98.66666666666666,98.6842105263158,100.0,97.36842105263158,98.54771784232366,97.0954356846473,100.0,5864312.0,1405768.0,10.0,5865103.199999999,1105.5593657108493,101261.6,213243.31160812525,4959.5,3297.9130522195396,60.1,127.08391803144181,60.1,127.08391803144181,4.5,7.663042621715099,1636.4831325301204,45.255120612110076,0.0,0.0,1.0884014956887804,0.004762415828189252
5941474.0,57.776075845,2.027469162406083E-5,5941474.0,98.2,96.40069106731507,96.3265306122449,96.29629629629629,98.22503362006687,98.21428571428571,98.18548387096774,98.21268561187915,99.79838709677419,96.62698412698413,98.23738473360656,96.6796875,99.79508196721312,5941474.0,1483024.0,10.0,5942284.8,994.8108474590148,108878.4,228282.73874260014,5039.0,3333.5226612899055,64.3,135.0522943982153,64.3,135.0522943982153,4.7,7.8180702364600325,1636.4831325301204,45.255120612110076,0.0,0.0,1.0884014956887804,0.004762415828189252
6018636.0,58.583735551,2.0597732893371394E-5,6018636.0,98.9,97.79656263771483,97.77327935222672,97.80439121756487,98.91015625387018,98.85297184567257,98.9433237271854,98.95437262357414,100.0,97.90874524714829,98.86597938144331,97.73195876288659,100.0,6018636.0,1546080.0,10.0,6019414.8,974.8959830555041,115094.4,239519.04932046172,5121.199999999999,3371.0759508896654,68.3,142.56074728573313,68.3,142.56074728573313,4.800000000000001,7.913420387052758,1635.9241661218516,46.18935164145238,0.0,0.0,1.0884309190696768,0.004716064107966919
6095798.0,59.416324501,2.094273987618374E-5,6095798.0,97.6,95.20228371295264,95.16129032258064,94.8051948051948,97.65602109581013,97.62376237623764,97.57575757575758,97.63313609467455,100.0,95.26627218934911,97.67891682785299,95.35783365570599,100.0,6095798.0,1601768.0,10.0,6096509.4,1033.4119539981039,120586.4,248241.2744637317,5200.599999999999,3409.9954447672408,71.3,147.42082620851102,71.3,147.42082620851102,4.9,8.089087299153924,1635.9241661218516,46.18935164145238,0.0,0.0,1.0884309190696768,0.004716064107966919
6172960.0,60.189177405,2.127297440917898E-5,6172960.0,98.2,96.40103650148757,96.57794676806083,96.28099173553719,98.23176458106573,98.2107355864811,98.18913480885311,98.22134387351778,100.0,96.44268774703558,98.2421875,96.484375,100.0,6172960.0,1651688.0,10.0,6173575.1,1007.6720641602302,125507.2,256817.62867009992,5279.3,3448.9409340646394,74.4,153.077467679313,74.4,153.077467679313,4.9,8.089087299153924,1635.9241661218516,46.18935164145238,0.0,0.0,1.0884309190696768,0.004716064107966919
6250122.0,60.978031445,2.162183197437666E-5,6250122.0,98.7,97.40022877986738,97.3305954825462,97.42063492063492,98.71658049656487,98.68819374369325,98.71159563924678,98.7279843444227,100.0,97.4559686888454,98.70517928286853,97.41035856573706,100.0,6250122.0,1709440.0,10.0,6250725.0,1014.1483564493327,131201.6,267519.47777195176,5349.899999999999,3482.179057557047,77.5,158.28262345844817,77.5,158.28262345844817,4.9,8.089087299153924,1635.9241661218516,46.18935164145238,0.0,0.0,1.0884309190696768,0.004716064107966919
6327284.0,61.760744997,2.1978307406965418E-5,6327284.0,98.7,97.39760579733354,97.30290456431536,97.31404958677685,98.71530203743215,98.74152952565343,98.6556359875905,98.67346938775509,100.0,97.34693877551021,98.75717017208413,97.51434034416826,100.0,6327284.0,1760472.0,10.0,6327837.1,1065.460302195991,136234.4,275736.56142662285,5431.1,3523.5878637169435,80.3,162.91923697887177,80.3,162.91923697887177,4.9,8.089087299153924,1635.9241661218516,46.18935164145238,0.0,0.0,1.0884309190696768,0.004716064107966919
6404446.0,62.528107931,2.2282118343828228E-5,6404446.0,98.2,96.37799268354522,96.59090909090908,96.19450317124736,98.22064056939503,98.04347826086956,98.33333333333333,98.36065573770492,100.0,96.72131147540983,98.08102345415779,96.16204690831557,100.0,6404446.0,1530400.0,10.0,6404939.7,1034.8309631154116,113547.2,209369.23045758178,5469.7,3604.0409126423633,67.1,123.94842117232115,67.1,123.94842117232115,5.0,8.192137151629671,1635.9241661218516,46.18935164145238,0.0,0.0,1.0884309190696768,0.004716064107966919
6481608.0,63.30154027,2.259742743002373E-5,6481608.0,98.5,96.99345776409467,97.04724409448818,96.875,98.51866336032329,98.42271293375394,98.57006673021925,98.59022556390977,100.0,97.18045112781954,98.4472049689441,96.8944099378882,100.0,6481608.0,1575856.0,10.0,6481987.7,970.0104294971703,118031.2,216464.96123997116,5549.4,3646.2031454346834,69.6,127.9862839873433,69.6,127.9862839873433,5.0,8.192137151629671,1635.9241661218516,46.18935164145238,0.0,0.0,1.0884309190696768,0.004716064107966919
6558770.0,64.06624837,2.2918093313903838E-5,6558770.0,98.3,96.60021758607449,96.62027833001989,96.48760330578511,98.32804701138403,98.32512315270937,98.2741116751269,98.30339321357286,100.0,96.6067864271457,98.35271317829456,96.70542635658916,100.0,6558770.0,1620912.0,10.0,6559100.499999999,1086.3564229930028,122475.2,224247.7671053456,5621.2,3683.5734401378354,71.9,131.89174854149647,71.9,131.89174854149647,5.0,8.192137151629671,1635.9241661218516,46.18935164145238,0.0,0.0,1.0884309190696768,0.004716064107966919
6635932.0,64.843070209,2.321280675177309E-5,6635932.0,97.39999999999999,94.78832584990377,94.68302658486706,94.78957915831663,97.45866419570632,97.25158562367865,97.53320683111954,97.59259259259258,100.0,95.18518518518519,97.32510288065843,94.65020576131687,100.0,6635932.0,1466496.0,10.0,6636265.2,1360.0054575053646,107250.40000000001,208005.5899436893,5678.5,3761.3983880112105,62.99999999999999,122.6929319706541,62.99999999999999,122.6929319706541,5.0,8.12403840463596,1635.9241661218516,46.18935164145238,0.0,0.0,1.0884309190696768,0.004716064107966919
6713094.0,65.612671629,2.350194415530351E-5,6713094.0,97.6,95.18426216876753,95.2286282306163,94.74835886214441,97.64741863009188,97.74011299435028,97.44136460554371,97.5051975051975,100.0,95.01039501039502,97.79005524861878,95.58011049723757,100.0,6713094.0,1452248.0,10.0,6713444.4,1402.8761092048571,105836.8,214628.99108554743,5740.699999999999,3803.001827504162,63.2,128.23745336072625,63.2,128.23745336072625,4.8,7.8993670632526,1635.9241661218516,46.18935164145238,0.0,0.0,1.0884309190696768,0.004716064107966919
6790256.0,66.376255341,2.3799764417145922E-5,6790256.0,98.4,96.79953913363524,96.875,96.7871485943775,98.42457660496258,98.4313725490196,98.36734693877551,98.39357429718876,100.0,96.78714859437751,98.45559845559846,96.91119691119691,100.0,6790256.0,1507648.0,10.0,6790527.1,1395.0688115247158,111301.6,222194.97145785173,5817.200000000001,3841.1472476042595,66.0,132.36817341541482,66.0,132.36817341541482,4.9,8.006247560499238,1635.9241661218516,46.18935164145238,0.0,0.0,1.0884309190696768,0.004716064107966919
6867418.0,67.131728705,2.410426696405548E-5,6867418.0,98.5,96.99656406929526,96.9939879759519,96.74620390455532,98.52017154171489,98.55351976856316,98.4423676012461,98.46625766871165,100.0,96.93251533742331,98.57414448669202,97.14828897338404,100.0,6867418.0,1558024.0,10.0,6867638.8,1386.7898823462488,116268.79999999999,228618.5382416162,5886.999999999999,3875.0753971159493,68.8,135.58252919245245,68.8,135.58252919245245,5.1,8.305955025696255,1635.9241661218516,46.18935164145238,0.0,0.0,1.0884309190696768,0.004716064107966919
6944580.0,67.920246646,2.442698754928592E-5,6944580.0,98.6,97.20050390929632,97.25490196078431,97.08333333333333,98.61930760248683,98.59437751004016,98.60557768924303,98.62475442043221,100.0,97.24950884086444,98.61386138613861,97.22772277227722,100.0,6944580.0,1582040.0,10.0,6944884.5,1446.5629187069042,118636.8,234480.67890875594,5969.799999999999,3922.6845626149666,70.4,139.76822083562328,70.4,139.76822083562328,5.2,8.482662055955993,1635.9241661218516,46.18935164145238,0.0,0.0,1.0884309190696768,0.004716064107966919
7021742.0,68.687626395,2.475228995483404E-5,7021742.0,98.9,97.79841485869825,97.83464566929133,97.81746031746032,98.91106251590097,98.86714727085479,98.9310009718173,98.9423076923077,100.0,97.88461538461539,98.87983706720978,97.75967413441956,100.0,7021742.0,1638624.0,10.0,7022194.0,1490.1444374436862,124216.8,241483.36394174697,6041.899999999999,3957.3963227803647,73.4,143.2559481022225,73.4,143.2559481022225,5.3,8.60297106301719,1635.9241661218516,46.18935164145238,0.0,0.0,1.0884309190696768,0.004716064107966919
7098904.0,69.479420973,2.507713488511502E-5,7098904.0,97.8,95.6,95.6,95.61752988047807,97.84633818755654,97.75051124744377,97.84735812133071,97.89272030651341,100.0,95.78544061302682,97.8,95.6,100.0,7098904.0,1585864.0,10.0,7099389.100000001,1487.0323503916043,119016.79999999999,247428.0757395526,6100.900000000001,4011.8249227890187,70.1,145.83281904671222,70.1,145.83281904671222,4.9,8.184674024595536,1635.9241661218516,46.18935164145238,0.0,0.0,1.0884309190696768,0.004716064107966919
7176066.0,70.264593318,2.5410278806462854E-5,7176066.0,98.3,96.60089736309614,96.69902912621359,96.59318637274549,98.3283758204479,98.29145728643216,98.30845771144277,98.33659491193738,100.0,96.67318982387475,98.3201581027668,96.6403162055336,100.0,7176066.0,1640096.0,10.0,7176565.100000001,1517.1053907578794,124364.79999999999,252367.21585146952,6172.599999999999,4046.1237197539517,73.1,148.65653926641326,73.1,148.65653926641326,5.0,8.273115763993903,1635.9241661218516,46.18935164145238,0.0,0.0,1.0884309190696768,0.004716064107966919
7253228.0,71.034230553,2.574594872207887E-5,7253228.0,99.2,98.3954237485308,98.39679358717434,98.32285115303982,99.2040466269486,99.15433403805497,99.24098671726756,99.24670433145009,100.0,98.49340866290018,99.16142557651992,98.32285115303984,100.0,7253228.0,1685888.0,10.0,7253565.800000001,1601.928060529278,128876.0,257913.57023278598,6248.1,4083.256746220541,76.19999999999999,152.84109395054722,76.19999999999999,152.84109395054722,5.0,8.273115763993903,1635.9241661218516,46.18935164145238,0.0,0.0,1.0884309190696768,0.004716064107966919
7330390.0,71.810632659,2.609370077863617E-5,7330390.0,97.6,95.17915466477046,95.131845841785,95.20958083832335,97.64498086546952,97.41935483870968,97.7570093457944,97.80621572212065,100.0,95.61243144424132,97.48427672955975,94.9685534591195,100.0,7330390.0,1731352.0,10.0,7330742.9,1538.7953766213332,133360.8,263465.5961233311,6325.499999999999,4124.217966273524,78.7,156.01000680155815,78.7,156.01000680155815,5.0,8.273115763993903,1635.9241661218516,46.18935164145238,0.0,0.0,1.0884309190696768,0.004716064107966919
7407552.0,72.598769475,2.6455949200685452E-5,7407552.0,98.3,96.59632402995234,96.62698412698413,96.4059196617336,98.32616373466348,98.36065573770492,98.23468328141225,98.26530612244898,100.0,96.53061224489797,98.38709677419355,96.7741935483871,100.0,7407552.0,1776672.0,10.0,7407794.3,1625.9837398395252,137828.8,270948.7007767748,6402.8,4164.717512095574,81.3,159.78043963166732,81.3,159.78043963166732,5.2,8.560892995995738,1635.9241661218516,46.18935164145238,0.0,0.0,1.0884309190696768,0.004716064107966919
7484714.0,73.375976072,2.6802708832435244E-5,7484714.0,98.4,96.793432950683,96.7280163599182,96.69421487603306,98.421617526359,98.31932773109243,98.47328244274809,98.49624060150376,100.0,96.99248120300751,98.34710743801654,96.69421487603306,100.0,7484714.0,1724624.0,10.0,7485062.3,1645.8146952531574,132695.2,275197.69119057345,6466.999999999999,4221.271240857294,78.4,162.17973568441488,78.4,162.17973568441488,4.9,8.305955025696255,1635.9241661218516,46.18935164145238,0.0,0.0,1.0884309190696768,0.004716064107966919
7561876.0,74.129118202,2.7144645561750415E-5,7561876.0,98.3,96.58829101476266,96.55172413793103,96.54471544715447,98.32227846427291,98.18956336528221,98.39773798303487,98.42300556586271,100.0,96.84601113172542,98.22175732217573,96.44351464435147,100.0,7561876.0,1754976.0,10.0,7562038.7,1745.4747237101387,135690.4,278282.4727675101,6542.200000000001,4264.474874536789,80.0,164.20380290629353,80.0,164.20380290629353,5.0,8.379870059984357,1635.9241661218516,46.18935164145238,0.0,0.0,1.0884309190696768,0.004716064107966919
7639038.0,74.899831482,2.7476323365995967E-5,7639038.0,97.8,95.60197031729784,95.47325102880659,95.46391752577318,97.84728229174414,97.8131212723658,97.78672032193158,97.83464566929135,100.0,95.66929133858267,97.85992217898834,95.71984435797665,100.0,7639038.0,1663512.0,10.0,7639156.7,1753.8388403093184,126667.20000000001,246277.4399433831,6596.599999999999,4320.841229822421,75.2,146.28343872238048,75.2,146.28343872238048,4.9,8.198238293140246,1635.9241661218516,46.18935164145238,0.0,0.0,1.0884309190696768,0.004716064107966919
7716187.0,75.669213037,2.775760925472633E-5,7716187.0,98.2,96.38542603778434,96.5183752417795,96.21848739495798,98.22422862464535,98.07280513918629,98.31144465290807,98.33948339483395,100.0,96.6789667896679,98.109243697479,96.21848739495799,100.0,7716187.0,1413216.0,10.0,7716320.8,1774.8016352383768,101983.20000000001,235816.9792608949,6631.700000000001,4410.40096564675,60.8,141.17113334137716,60.8,141.17113334137716,4.4,7.229568912920511,1635.9241661218516,46.18935164145238,0.0,0.0,1.0884309190696768,0.004716064107966919
